compound_name,cmip6_name,out_name,cmip6_compound_name,frequency,cell,realm,realm_all,cmip6_table,long_name,tiers,groups,opportunities,priorities,cell_methods
aerosol.o3.tmax-h2m-hxy-u.day.glb,sfo3max,o3,AERday.sfo3max,day,max,aerosol,aerosol,AERday,Daily Maximum O3 Volume Mixing Ratio near-surface,,HealthPollutionDaily,Health Impacts,medium,area: mean time: maximum
aerosol.sfpm1.tavg-h2m-hxy-u.day.glb,sfpm1,sfpm1,AERday.sfpm1,day,ave,aerosol,aerosol atmosChem,AERday,Near-surface PM1.0 Mixing Ratio,,HealthPollutionDaily,Health Impacts,medium,area: time: mean
aerosol.sfpm10.tavg-h2m-hxy-u.day.glb,sfpm10,sfpm10,AERday.sfpm10,day,ave,aerosol,aerosol atmosChem,AERday,Near-surface PM10 Mixing Ratio,,HealthPollutionDaily,Health Impacts,medium,area: time: mean
aerosol.sfpm25.tavg-h2m-hxy-u.day.glb,sfpm25,sfpm25,AERday.sfpm25,day,ave,aerosol,aerosol atmosChem,AERday,Near-surface PM2.5 Mixing Ratio,,HealthPollutionDaily,Health Impacts,medium,area: time: mean
aerosol.abs550aer.tavg-u-hxy-u.mon.glb,abs550aer,abs550aer,AERmon.abs550aer,mon,ave,aerosol,aerosol,AERmon,Ambient Aerosol Absorption Optical Thickness at 550nm,,DAMIP_monthly;FireMIP_monthly;impact_energy_damaging_other,Detection and Attribution;Energy System Impacts;Role of fire in the Earth system,high;medium,area: time: mean
aerosol.abs550bc.tavg-u-hxy-u.mon.glb,abs550bc,abs550bc,AERmon.abs550bc,mon,ave,aerosol,aerosol atmosChem,AERmon,black carbon aaod@550nm,,DAMIP_monthly,Detection and Attribution,high,area: time: mean
aerosol.abs550dust.tavg-u-hxy-u.mon.glb,abs550dust,abs550dust,AERmon.abs550dust,mon,ave,aerosol,aerosol atmosChem,AERmon,dust absorption aerosol optical depth @550nm,,DAMIP_monthly,Detection and Attribution,high,area: time: mean
aerosol.abs550so4.tavg-u-hxy-u.mon.glb,abs550so4,abs550so4,AERmon.abs550so4,mon,ave,aerosol,aerosol atmosChem,AERmon,sulfate aaod@550nm,,DAMIP_monthly,Detection and Attribution,high,area: time: mean
aerosol.bry.tavg-p39-hy-air.mon.glb,bry,bry,AERmonZ.bry,mon,ave,aerosol,aerosol,AERmonZ,Total Inorganic Bromine Volume Mixing Ratio,,dynamical_downscaling_aerosols_chemistry,Dynamical Downscaling (CORDEX),high,longitude: time: mean where air
aerosol.ccn.tavg-u-hxy-ccl.mon.glb,ccn,ccn,AERmon.ccn,mon,ave,aerosol,aerosol,AERmon,Cloud Condensation Nuclei Concentration at Liquid Cloud Top,,FireMIP_monthly,Role of fire in the Earth system,high,"area: time: mean where convective_cloud (mean over the portion of the cell containing liquid topped cloud, as seen from top of atmosphere)"
aerosol.cdnc.tavg-al-hxy-u.mon.glb,cdnc,cdnc,AERmon.cdnc,mon,ave,aerosol,aerosol,AERmon,Cloud Liquid Droplet Number Concentration,,FireMIP_monthly,Role of fire in the Earth system,high,area: time: mean
aerosol.cfc114.tavg-al-hxy-u.mon.glb,cfc114,cfc114,AERmon.cfc114,mon,ave,aerosol,aerosol,AERmon,Mole Fraction of CFC114,,dynamical_downscaling_core,Dynamical Downscaling (CORDEX),high,area: time: mean
aerosol.cly.tavg-p39-hy-air.mon.glb,cly,cly,AERmonZ.cly,mon,ave,aerosol,aerosol,AERmonZ,Total Inorganic Chlorine Volume Mixing Ratio,,dynamical_downscaling_aerosols_chemistry,Dynamical Downscaling (CORDEX),high,longitude: time: mean where air
aerosol.co.tavg-al-hxy-u.mon.glb,co,co,AERmon.co,mon,ave,aerosol,aerosol atmosChem,AERmon,CO Volume Mixing Ratio,,dynamical_downscaling_aerosols_chemistry,Dynamical Downscaling (CORDEX),high,area: time: mean
aerosol.conccn.tavg-al-hxy-u.mon.glb,conccn,conccn,AERmon.conccn,mon,ave,aerosol,aerosol atmosChem,AERmon,Aerosol Number Concentration,,FireMIP_monthly,Role of fire in the Earth system,high,area: time: mean
aerosol.drydust.tavg-u-hxy-u.mon.glb,drydust,drydust,AERmon.drydust,mon,ave,aerosol,aerosol,AERmon,Dry Deposition Rate of Dust,,dynamical_downscaling_ocean_air_sea_biogeochemistry_forcing,Dynamical Downscaling (CORDEX),high,area: time: mean
aerosol.emibbbc.tavg-u-hxy-u.mon.glb,emibbbc,emibbbc,AERmon.emibbbc,mon,ave,aerosol,aerosol atmosChem,AERmon,total emission rate of black carbon aerosol mass from all biomass burning,,FireMIP_monthly,Role of fire in the Earth system,high,area: time: mean
aerosol.emibbch4.tavg-u-hxy-u.mon.glb,emibbch4,emibbch4,AERmon.emibbch4,mon,ave,aerosol,aerosol atmosChem,AERmon,total emission of CH4 from all biomass burning,,FireMIP_monthly;land_ch4_fluxes,Benchmarking and Attributing Changes to Global Carbon and other Biogeochemical Cycles;Role of fire in the Earth system,high,area: time: mean
aerosol.emibbco.tavg-u-hxy-u.mon.glb,emibbco,emibbco,AERmon.emibbco,mon,ave,aerosol,aerosol atmosChem,AERmon,total emission rate of CO from all biomass burning,,FireMIP_monthly,Role of fire in the Earth system,high,area: time: mean
aerosol.emibbdms.tavg-u-hxy-u.mon.glb,emibbdms,emibbdms,AERmon.emibbdms,mon,ave,aerosol,aerosol atmosChem,AERmon,total emission of DMS from all biomass burning,,FireMIP_monthly,Role of fire in the Earth system,high,area: time: mean
aerosol.emibboa.tavg-u-hxy-u.mon.glb,emibboa,emibboa,AERmon.emibboa,mon,ave,aerosol,aerosol atmosChem,AERmon,total emission of organic aerosol from all biomass burning,,FireMIP_monthly,Role of fire in the Earth system,high,area: time: mean
aerosol.emibbso2.tavg-u-hxy-u.mon.glb,emibbso2,emibbso2,AERmon.emibbso2,mon,ave,aerosol,aerosol atmosChem,AERmon,total emission rate of SO2 from all biomass burning,,FireMIP_monthly,Role of fire in the Earth system,high,area: time: mean
aerosol.emibbvoc.tavg-u-hxy-u.mon.glb,emibbvoc,emibbvoc,AERmon.emibbvoc,mon,ave,aerosol,aerosol atmosChem,AERmon,total emission rate of NMVOC from all biomass burning,,FireMIP_monthly,Role of fire in the Earth system,high,area: time: mean
aerosol.hcfc22.tavg-al-hxy-u.mon.glb,hcfc22,hcfc22,AERmon.hcfc22,mon,ave,aerosol,aerosol,AERmon,Mole Fraction of HCFC22,,dynamical_downscaling_core,Dynamical Downscaling (CORDEX),high,area: time: mean
aerosol.hcl.tavg-al-hxy-u.mon.glb,hcl,hcl,AERmon.hcl,mon,ave,aerosol,aerosol,AERmon,HCl Volume Mixing Ratio,,dynamical_downscaling_aerosols_chemistry,Dynamical Downscaling (CORDEX),high,area: time: mean
aerosol.hfc125.tavg-al-hxy-u.mon.glb,hfc125,hfc125,AERmon.hfc125,mon,ave,aerosol,aerosol,AERmon,Mole Fraction of HFC125,,dynamical_downscaling_core,Dynamical Downscaling (CORDEX),high,area: time: mean
aerosol.hfc134a.tavg-al-hxy-u.mon.glb,hfc134a,hfc134a,AERmon.hfc134a,mon,ave,aerosol,aerosol,AERmon,Mole Fraction of HFC134a,,dynamical_downscaling_core,Dynamical Downscaling (CORDEX),high,area: time: mean
aerosol.hno3.tavg-al-hxy-u.mon.glb,hno3,hno3,AERmon.hno3,mon,ave,aerosol,aerosol,AERmon,HNO3 Volume Mixing Ratio,,dynamical_downscaling_aerosols_chemistry,Dynamical Downscaling (CORDEX),high,area: time: mean
aerosol.lwp.tavg-u-hxy-u.mon.glb,lwp,lwp,AERmon.lwp,mon,ave,aerosol,aerosol,AERmon,Liquid Water Path,,FireMIP_monthly,Role of fire in the Earth system,high,area: time: mean
aerosol.mmrbc.tavg-al-hxy-u.mon.glb,mmrbc,mmrbc,AERmon.mmrbc,mon,ave,aerosol,aerosol atmosChem,AERmon,Elemental Carbon Mass Mixing Ratio,,dynamical_downscaling_aerosols_chemistry,Dynamical Downscaling (CORDEX),high,area: time: mean
aerosol.mmrdust.tavg-al-hxy-u.mon.glb,mmrdust,mmrdust,AERmon.mmrdust,mon,ave,aerosol,aerosol atmosChem,AERmon,Dust Aerosol Mass Mixing Ratio,,dynamical_downscaling_aerosols_chemistry,Dynamical Downscaling (CORDEX),high,area: time: mean
aerosol.mmrnh4.tavg-al-hxy-u.mon.glb,mmrnh4,mmrnh4,AERmon.mmrnh4,mon,ave,aerosol,aerosol atmosChem,AERmon,NH4 Mass Mixing Ratio,,dynamical_downscaling_aerosols_chemistry,Dynamical Downscaling (CORDEX),high,area: time: mean
aerosol.mmrno3.tavg-al-hxy-u.mon.glb,mmrno3,mmrno3,AERmon.mmrno3,mon,ave,aerosol,aerosol atmosChem,AERmon,NO3 Aerosol Mass Mixing Ratio,,dynamical_downscaling_aerosols_chemistry,Dynamical Downscaling (CORDEX),high,area: time: mean
aerosol.mmroa.tavg-al-hxy-u.mon.glb,mmroa,mmroa,AERmon.mmroa,mon,ave,aerosol,aerosol atmosChem,AERmon,Total Organic Aerosol Mass Mixing Ratio,,dynamical_downscaling_aerosols_chemistry,Dynamical Downscaling (CORDEX),high,area: time: mean
aerosol.mmrpm2p5.tavg-al-hxy-u.mon.glb,mmrpm2p5,mmrpm2p5,AERmon.mmrpm2p5,mon,ave,aerosol,aerosol,AERmon,PM2.5 Mass Mixing Ratio,,FireMIP_monthly,Role of fire in the Earth system,high,area: time: mean
aerosol.mmrso4.tavg-al-hxy-u.mon.glb,mmrso4,mmrso4,AERmon.mmrso4,mon,ave,aerosol,aerosol atmosChem,AERmon,Aerosol Sulfate Mass Mixing Ratio,,dynamical_downscaling_aerosols_chemistry,Dynamical Downscaling (CORDEX),high,area: time: mean
aerosol.mmrsoa.tavg-al-hxy-u.mon.glb,mmrsoa,mmrsoa,AERmon.mmrsoa,mon,ave,aerosol,aerosol atmosChem,AERmon,Secondary Organic Aerosol Mass Mixing Ratio,,dynamical_downscaling_aerosols_chemistry,Dynamical Downscaling (CORDEX),high,area: time: mean
aerosol.mmrss.tavg-al-hxy-u.mon.glb,mmrss,mmrss,AERmon.mmrss,mon,ave,aerosol,aerosol atmosChem,AERmon,Sea-Salt Aerosol Mass Mixing Ratio,,dynamical_downscaling_aerosols_chemistry,Dynamical Downscaling (CORDEX),high,area: time: mean
aerosol.noy.tavg-p39-hy-air.mon.glb,noy,noy,AERmonZ.noy,mon,ave,aerosol,aerosol,AERmonZ,Total Reactive Nitrogen Volume Mixing Ratio,,dynamical_downscaling_aerosols_chemistry,Dynamical Downscaling (CORDEX),high,longitude: time: mean where air
aerosol.od550aer.tavg-u-hxy-u.mon.glb,od550aer,od550aer,AERmon.od550aer,mon,ave,aerosol,aerosol,AERmon,Ambient Aerosol Optical Thickness at 550nm,,DAMIP_monthly;dynamical_downscaling_core,Detection and Attribution;Dynamical Downscaling (CORDEX),high,area: time: mean
aerosol.od550bb.tavg-u-hxy-u.mon.glb,od550bb,od550bb,AERmon.od550bb,mon,ave,aerosol,aerosol,AERmon,Aerosol Optical Depth at 550nm Due to Biomass Burning,,FireMIP_monthly;dynamical_downscaling_core,Dynamical Downscaling (CORDEX);Role of fire in the Earth system,high,area: time: mean
aerosol.od550bc.tavg-u-hxy-u.mon.glb,od550bc,od550bc,AERmon.od550bc,mon,ave,aerosol,aerosol,AERmon,Black Carbon Optical Thickness at 550nm,,FireMIP_monthly;dynamical_downscaling_core,Dynamical Downscaling (CORDEX);Role of fire in the Earth system,high,area: time: mean
aerosol.od550dust.tavg-u-hxy-u.mon.glb,od550dust,od550dust,AERmon.od550dust,mon,ave,aerosol,aerosol,AERmon,Dust Optical Thickness at 550nm,,DAMIP_monthly;dynamical_downscaling_core,Detection and Attribution;Dynamical Downscaling (CORDEX),high,area: time: mean
aerosol.od550no3.tavg-u-hxy-u.mon.glb,od550no3,od550no3,AERmon.od550no3,mon,ave,aerosol,aerosol,AERmon,Nitrate Aerosol Optical Depth at 550nm,,dynamical_downscaling_core,Dynamical Downscaling (CORDEX),high,area: time: mean
aerosol.od550oa.tavg-u-hxy-u.mon.glb,od550oa,od550oa,AERmon.od550oa,mon,ave,aerosol,aerosol,AERmon,Total Organic Aerosol Optical Depth at 550nm,,FireMIP_monthly;dynamical_downscaling_core,Dynamical Downscaling (CORDEX);Role of fire in the Earth system,high,area: time: mean
aerosol.od550so4.tavg-u-hxy-u.mon.glb,od550so4,od550so4,AERmon.od550so4,mon,ave,aerosol,aerosol,AERmon,Sulfate Aerosol Optical Depth at 550nm,,dynamical_downscaling_core,Dynamical Downscaling (CORDEX),high,area: time: mean
aerosol.od550soa.tavg-u-hxy-u.mon.glb,od550soa,od550soa,AERmon.od550soa,mon,ave,aerosol,aerosol,AERmon,Particulate Organic Aerosol Optical Depth at 550nm,,DAMIP_monthly;FireMIP_monthly,Detection and Attribution;Role of fire in the Earth system,high,area: time: mean
aerosol.od550ss.tavg-u-hxy-u.mon.glb,od550ss,od550ss,AERmon.od550ss,mon,ave,aerosol,aerosol,AERmon,Sea-Salt Aerosol Optical Depth at 550nm,,dynamical_downscaling_core,Dynamical Downscaling (CORDEX),high,area: time: mean
aerosol.oh.tavg-al-hxy-u.mon.glb,oh,oh,AERmon.oh,mon,ave,aerosol,aerosol,AERmon,OH Volume Mixing Ratio,,dynamical_downscaling_aerosols_chemistry,Dynamical Downscaling (CORDEX),high,area: time: mean
aerosol.so2.tavg-al-hxy-u.mon.glb,so2,so2,AERmon.so2,mon,ave,aerosol,aerosol,AERmon,SO2 Volume Mixing Ratio,,dynamical_downscaling_aerosols_chemistry,Dynamical Downscaling (CORDEX),high,area: time: mean
aerosol.wetdust.tavg-u-hxy-u.mon.glb,wetdust,wetdust,AERmon.wetdust,mon,ave,aerosol,aerosol,AERmon,Wet Deposition Rate of Dust,,dynamical_downscaling_ocean_air_sea_biogeochemistry_forcing,Dynamical Downscaling (CORDEX),high,area: time: mean
atmos.clt.tavg-u-hxy-u.1hr.30S-90S,clt,clt,E1hr.clt,1hr,ave,atmos,atmos,E1hr,Total Cloud Cover Percentage,,biodiv_microclim_hourly,Terrestrial Biodiversity,high,area: time: mean
atmos.hurs.tavg-h2m-hxy-u.1hr.30S-90S,hursSouth30,hurs,E1hr.hursSouth30,1hr,ave,atmos,atmos,E1hr,Near-Surface Relative Humidity,,biodiv_microclim_hourly,Terrestrial Biodiversity,high,area: time: mean
atmos.huss.tpt-h2m-hxy-u.1hr.glb,huss,huss,E1hr.huss,1hr,inst,atmos,atmos,E1hr,Near-Surface Specific Humidity,,dynamical_downscaling_ocean_air_sea_forcing,Dynamical Downscaling (CORDEX),high,area: mean time: point
atmos.pr.tavg-u-hxy-u.1hr.glb,pr,pr,E1hr.pr,1hr,ave,atmos,atmos,E1hr,Precipitation,,WaterResources_subdaily;baseline_subdaily;dynamical_downscaling_ocean_air_sea_forcing;hydro_modelling_subdaily,"Assessments for Hydrological Processes, Water Resources, and Freshwater Systems;Atmospheric dynamics and variability;Baseline Climate Variables for Earth System Modelling;Dynamical Downscaling (CORDEX);Robust Risk Assessment of Tipping Points;Water cycle/budget assessment",high;medium,area: time: mean
atmos.pr.tavg-u-hxy-u.1hr.30S-90S,prSouth30,pr,E1hr.prSouth30,1hr,ave,atmos,atmos,E1hr,Precipitation,,biodiv_microclim_hourly,Terrestrial Biodiversity,high,area: time: mean
atmos.ps.tpt-u-hxy-u.1hr.30S-90S,psSouth30,ps,E1hr.psSouth30,1hr,inst,atmos,atmos,E1hr,Surface Air Pressure,,biodiv_microclim_hourly,Terrestrial Biodiversity,high,area: mean time: point
atmos.psl.tpt-u-hxy-u.1hr.glb,psl,psl,E1hr.psl,1hr,inst,atmos,atmos,E1hr,Sea Level Pressure,,dynamical_downscaling_ocean_air_sea_forcing,Dynamical Downscaling (CORDEX),high,area: mean time: point
atmos.rlds.tavg-u-hxy-u.1hr.glb,rlds,rlds,E1hr.rlds,1hr,ave,atmos,atmos,E1hr,Surface Downwelling Longwave Radiation,,dynamical_downscaling_ocean_air_sea_forcing,Dynamical Downscaling (CORDEX),high,area: time: mean
atmos.rlds.tavg-u-hxy-u.1hr.30S-90S,rldsSouth30,rlds,E1hr.rldsSouth30,1hr,ave,atmos,atmos,E1hr,Surface Downwelling Longwave Radiation,,biodiv_microclim_hourly,Terrestrial Biodiversity,high,area: time: mean
atmos.rsds.tavg-u-hxy-u.1hr.glb,rsds,rsds,E1hr.rsds,1hr,ave,atmos,atmos,E1hr,Surface Downwelling Shortwave Radiation,,dynamical_downscaling_ocean_air_sea_forcing,Dynamical Downscaling (CORDEX),high,area: time: mean
atmos.rsds.tavg-u-hxy-u.1hr.30S-90S,rsdsSouth30,rsds,E1hr.rsdsSouth30,1hr,ave,atmos,atmos,E1hr,Surface Downwelling Shortwave Radiation,,biodiv_microclim_hourly,Terrestrial Biodiversity,high,area: time: mean
atmos.sfcWind.tavg-h10m-hxy-u.1hr.30S-90S,sfcWindSouth30,sfcWind,E1hr.sfcWindSouth30,1hr,ave,atmos,atmos,E1hr,Near-Surface Wind Speed,,biodiv_microclim_hourly,Terrestrial Biodiversity,high,area: time: mean
atmos.tas.tavg-h2m-hxy-u.1hr.glb,tas,tas,AERhr.tas,1hr,ave,atmos,atmos land,AERhr,Near-Surface Air Temperature,,dynamical_downscaling_ocean_air_sea_forcing,Dynamical Downscaling (CORDEX),high,area: time: mean
atmos.tas.tavg-h2m-hxy-u.1hr.30S-90S,tasSouth30,tas,AERhr.tasSouth30,1hr,ave,atmos,atmos land,AERhr,Near-Surface Air Temperature,,biodiv_microclim_hourly,Terrestrial Biodiversity,high,area: time: mean
atmos.uas.tpt-h10m-hxy-u.1hr.glb,uas,uas,E1hr.uas,1hr,inst,atmos,atmos,E1hr,Eastward Near-Surface Wind,,dynamical_downscaling_ocean_air_sea_forcing,Dynamical Downscaling (CORDEX),high,area: mean time: point
atmos.vas.tpt-h10m-hxy-u.1hr.glb,vas,vas,E1hr.vas,1hr,inst,atmos,atmos,E1hr,Northward Near-Surface Wind,,dynamical_downscaling_ocean_air_sea_forcing,Dynamical Downscaling (CORDEX),high,area: mean time: point
atmos.bldep.tpt-u-hxy-u.3hr.glb,bldep,bldep,3hrPt.bldep,3hr,inst,atmos,atmos aerosol land,3hrPt,Boundary Layer Depth,,landatm_coupling_3hA,Accurate assessment of land-atmosphere coupling,medium,area: mean time: point
atmos.hfls.tavg-u-hxy-u.3hr.glb,hfls,hfls,3hr.hfls,3hr,ave,atmos,atmos,3hr,Surface Upward Latent Heat Flux,,landatm_coupling_3hA,Accurate assessment of land-atmosphere coupling,medium,area: time: mean
atmos.hfss.tavg-u-hxy-u.3hr.glb,hfss,hfss,3hr.hfss,3hr,ave,atmos,atmos,3hr,Surface Upward Sensible Heat Flux,,landatm_coupling_3hA,Accurate assessment of land-atmosphere coupling,medium,area: time: mean
atmos.hurs.tpt-h2m-hxy-u.3hr.glb,hurs,hurs,CF3hr.hurs,3hr,inst,atmos,atmos,CF3hr,Near-Surface Relative Humidity,,Impact_energy_river_temperature,Energy System Impacts,medium,area: mean time: point
atmos.hus.tpt-p6-hxy-air.3hr.glb,hus6,hus,E3hrPt.hus6,3hr,inst,atmos,atmos,E3hrPt,Specific humidity,,landatm_coupling_3hr_medium,Accurate assessment of land-atmosphere coupling,medium,area: mean where air time: point
atmos.huss.tpt-h2m-hxy-u.3hr.glb,huss,huss,3hr.huss,3hr,inst,atmos,atmos,3hr,Near-Surface Specific Humidity,,baseline_subdaily;landatm_coupling_3hA,Accurate assessment of land-atmosphere coupling;Atmospheric dynamics and variability;Baseline Climate Variables for Earth System Modelling;Robust Risk Assessment of Tipping Points,high;medium,area: mean time: point
atmos.pr.tavg-u-hxy-u.3hr.glb,pr,pr,3hr.pr,3hr,ave,atmos,atmos,3hr,Precipitation,,baseline_subdaily;landatm_coupling_3hA,Accurate assessment of land-atmosphere coupling;Atmospheric dynamics and variability;Baseline Climate Variables for Earth System Modelling;Robust Risk Assessment of Tipping Points,high;medium,area: time: mean
atmos.prsn.tavg-u-hxy-u.3hr.glb,prsn,prsn,3hr.prsn,3hr,ave,atmos,atmos,3hr,Snowfall Flux,,dynamical_downscaling_ocean_air_sea_forcing;snow_allfreq,"Assessments for Hydrological Processes, Water Resources, and Freshwater Systems;Dynamical Downscaling (CORDEX)",high,area: time: mean
atmos.ps.tpt-u-hxy-u.3hr.glb,ps,ps,3hr.ps,3hr,inst,atmos,atmos,3hr,Surface Air Pressure,,landatm_coupling_3hA,Accurate assessment of land-atmosphere coupling,medium,area: mean time: point
atmos.rlds.tavg-u-hxy-u.3hr.glb,rlds,rlds,3hr.rlds,3hr,ave,atmos,atmos,3hr,Surface Downwelling Longwave Radiation,,Impact_energy_river_temperature;landatm_coupling_3hr_medium,Accurate assessment of land-atmosphere coupling;Energy System Impacts,medium,area: time: mean
atmos.rlus.tavg-u-hxy-u.3hr.glb,rlus,rlus,3hr.rlus,3hr,ave,atmos,atmos,3hr,Surface Upwelling Longwave Radiation,,landatm_coupling_3hr_medium,Accurate assessment of land-atmosphere coupling,medium,area: time: mean
atmos.rsds.tavg-u-hxy-u.3hr.glb,rsds,rsds,3hr.rsds,3hr,ave,atmos,atmos,3hr,Surface Downwelling Shortwave Radiation,,Impact_energy_river_temperature;landatm_coupling_3hr_medium,Accurate assessment of land-atmosphere coupling;Energy System Impacts,medium,area: time: mean
atmos.rsus.tavg-u-hxy-u.3hr.glb,rsus,rsus,3hr.rsus,3hr,ave,atmos,atmos,3hr,Surface Upwelling Shortwave Radiation,,landatm_coupling_3hr_medium,Accurate assessment of land-atmosphere coupling,medium,area: time: mean
atmos.ta.tpt-p6-hxy-air.3hr.glb,ta6,ta,E3hrPt.ta6,3hr,inst,atmos,atmos,E3hrPt,Air temperature,,landatm_coupling_3hr_medium,Accurate assessment of land-atmosphere coupling,medium,area: mean where air time: point
atmos.tas.tpt-h2m-hxy-u.3hr.glb,tas,tas,3hr.tas,3hr,inst,atmos,atmos,3hr,Near-Surface Air Temperature,,Impact_energy_river_temperature;baseline_subdaily;landatm_coupling_3hA,Accurate assessment of land-atmosphere coupling;Atmospheric dynamics and variability;Baseline Climate Variables for Earth System Modelling;Energy System Impacts;Robust Risk Assessment of Tipping Points,high;medium,area: mean time: point
atmos.ts.tpt-u-hxy-u.3hr.glb,ts,ts,CF3hr.ts,3hr,inst,atmos,atmos,CF3hr,Surface Temperature,,transport_impacts_essential,Impacts of climate change on transport infrastructure,medium,area: mean time: point
atmos.ua.tpt-p6-hxy-air.3hr.glb,ua6,ua,E3hrPt.ua6,3hr,inst,atmos,atmos,E3hrPt,Eastward wind,,landatm_coupling_3hr_medium,Accurate assessment of land-atmosphere coupling,medium,area: mean where air time: point
atmos.uas.tpt-h10m-hxy-u.3hr.glb,uas,uas,3hrPt.uas,3hr,inst,atmos,atmos,3hrPt,Eastward Near-Surface Wind,,Impact_energy_river_temperature;baseline_subdaily,Atmospheric dynamics and variability;Baseline Climate Variables for Earth System Modelling;Energy System Impacts;Robust Risk Assessment of Tipping Points,high;medium,area: mean time: point
atmos.va.tpt-p6-hxy-air.3hr.glb,va6,va,E3hrPt.va6,3hr,inst,atmos,atmos,E3hrPt,Northward Wind,,landatm_coupling_3hr_medium,Accurate assessment of land-atmosphere coupling,medium,area: mean where air time: point
atmos.vas.tpt-h10m-hxy-u.3hr.glb,vas,vas,3hrPt.vas,3hr,inst,atmos,atmos,3hrPt,Northward Near-Surface Wind,,Impact_energy_river_temperature;baseline_subdaily,Atmospheric dynamics and variability;Baseline Climate Variables for Earth System Modelling;Energy System Impacts;Robust Risk Assessment of Tipping Points,high;medium,area: mean time: point
atmos.wap.tpt-p6-hxy-air.3hr.glb,wap6,wap,E3hrPt.wap6,3hr,inst,atmos,atmos,E3hrPt,Omega (=dp/dt),,landatm_coupling_3hr_medium,Accurate assessment of land-atmosphere coupling,medium,area: mean where air time: point
atmos.hurs.tavg-h2m-hxy-u.6hr.glb,hurs,hurs,6hrPlev.hurs,6hr,ave,atmos,atmos,6hrPlev,Near-Surface Relative Humidity,,baseline_subdaily,Atmospheric dynamics and variability;Baseline Climate Variables for Earth System Modelling;Robust Risk Assessment of Tipping Points,high;medium,area: time: mean
atmos.hus.tpt-al-hxy-u.6hr.glb,hus,hus,6hrLev.hus,6hr,inst,atmos,atmos,6hrLev,Specific Humidity,,dynamical_downscaling_core,Dynamical Downscaling (CORDEX),high,area: mean time: point
atmos.pr.tavg-u-hxy-u.6hr.glb,pr,pr,6hrPlev.pr,6hr,ave,atmos,atmos,6hrPlev,Precipitation,,DCPP_Wider,Diagnosing temperature variability and extremes;Multi-annual-to-decadal predictability of the Earth System and risk assessment of climate extremes,high,area: time: mean
atmos.pr.tmax-u-hxy-u.6hr.glb,prhmax,pr,6hrPlev.prhmax,6hr,max,atmos,atmos,6hrPlev,Maximum Hourly Precipitation Rate,,DCPP_Wider,Diagnosing temperature variability and extremes;Multi-annual-to-decadal predictability of the Earth System and risk assessment of climate extremes,high,area: mean time: maximum
atmos.prsn.tavg-u-hxy-u.6hr.glb,prsn,prsn,6hrPlev.prsn,6hr,ave,atmos,atmos,6hrPlev,Snowfall Flux,,snow_allfreq,"Assessments for Hydrological Processes, Water Resources, and Freshwater Systems",high,area: time: mean
atmos.ps.tpt-u-hxy-u.6hr.glb,ps,ps,6hrLev.ps,6hr,inst,atmos,atmos,6hrLev,Surface Air Pressure,,dynamical_downscaling_core,Dynamical Downscaling (CORDEX),high,area: mean time: point
atmos.psl.tavg-u-hxy-u.6hr.glb,psl,psl,6hrPlev.psl,6hr,ave,atmos,atmos,6hrPlev,Sea Level Pressure,,DCPP_Wider,Diagnosing temperature variability and extremes;Multi-annual-to-decadal predictability of the Earth System and risk assessment of climate extremes,high,area: time: mean
atmos.psl.tpt-u-hxy-u.6hr.glb,psl,psl,6hrPlevPt.psl,6hr,inst,atmos,atmos,6hrPlevPt,Sea Level Pressure,,dynamical_downscaling_core,Dynamical Downscaling (CORDEX),high,area: mean time: point
atmos.rv850.tavg-850hPa-hxy-air.6hr.glb,rv850,rv850,6hrPlev.rv850,6hr,ave,atmos,atmos,6hrPlev,Relative Vorticity at 850hPa,,DCPP_Wider,Diagnosing temperature variability and extremes;Multi-annual-to-decadal predictability of the Earth System and risk assessment of climate extremes,high,area: time: mean where air
atmos.sfcWind.tavg-h10m-hxy-u.6hr.glb,sfcWind,sfcWind,6hrPlev.sfcWind,6hr,ave,atmos,atmos,6hrPlev,Near-Surface Wind Speed,,DCPP_Wider,Diagnosing temperature variability and extremes;Multi-annual-to-decadal predictability of the Earth System and risk assessment of climate extremes,high,area: time: mean
atmos.ta.tpt-p3-hxy-air.6hr.glb,ta,ta,6hrPlevPt.ta,6hr,inst,atmos,atmos,6hrPlevPt,Air Temperature,,baseline_subdaily,Atmospheric dynamics and variability;Baseline Climate Variables for Earth System Modelling;Robust Risk Assessment of Tipping Points,high;medium,area: mean where air time: point
atmos.ta.tpt-al-hxy-u.6hr.glb,ta,ta,6hrLev.ta,6hr,inst,atmos,atmos,6hrLev,Air Temperature,,dynamical_downscaling_core,Dynamical Downscaling (CORDEX),high,area: mean time: point
atmos.ta.tpt-p5u-hxy-u.6hr.glb,taUTLS,ta,6hrPlevPt.taUTLS,6hr,inst,atmos,atmos,6hrPlevPt,6 hourly instantaneous temperature in the UTLS region,,aviation_impacts_essential,Impacts of climate change on aviation,medium,area: mean time: point
atmos.tas.tavg-h2m-hxy-u.6hr.glb,tas,tas,6hrPlev.tas,6hr,ave,atmos,atmos,6hrPlev,Near-Surface Air Temperature,,DCPP_Wider,Diagnosing temperature variability and extremes;Multi-annual-to-decadal predictability of the Earth System and risk assessment of climate extremes,high,area: time: mean
atmos.ts.tpt-u-hxy-u.6hr.glb,ts,ts,6hrPlevPt.ts,6hr,inst,atmos,atmos,6hrPlevPt,Surface Temperature,,dynamical_downscaling_core,Dynamical Downscaling (CORDEX),high,area: mean time: point
atmos.ua.tpt-p3-hxy-air.6hr.glb,ua,ua,6hrPlevPt.ua,6hr,inst,atmos,atmos,6hrPlevPt,Eastward Wind,,baseline_subdaily,Atmospheric dynamics and variability;Baseline Climate Variables for Earth System Modelling;Robust Risk Assessment of Tipping Points,high;medium,area: mean where air time: point
atmos.ua.tpt-al-hxy-u.6hr.glb,ua,ua,6hrLev.ua,6hr,inst,atmos,atmos,6hrLev,Eastward Wind,,dynamical_downscaling_core,Dynamical Downscaling (CORDEX),high,area: mean time: point
atmos.ua.tpt-p5u-hxy-air.6hr.glb,uaUTLS,ua,6hrPlevPt.uaUTLS,6hr,inst,atmos,atmos,6hrPlevPt,6 hourly instantaneous eastward wind in the UTLS region,,aviation_impacts_essential,Impacts of climate change on aviation,medium,area: mean where air time: point
atmos.uas.tavg-h10m-hxy-u.6hr.glb,uas,uas,6hrPlev.uas,6hr,ave,atmos,atmos,6hrPlev,Eastward Near-Surface Wind,,DCPP_Wider,Diagnosing temperature variability and extremes;Multi-annual-to-decadal predictability of the Earth System and risk assessment of climate extremes,high,area: time: mean
atmos.va.tpt-p3-hxy-air.6hr.glb,va,va,6hrPlevPt.va,6hr,inst,atmos,atmos,6hrPlevPt,Northward Wind,,baseline_subdaily,Atmospheric dynamics and variability;Baseline Climate Variables for Earth System Modelling;Robust Risk Assessment of Tipping Points,high;medium,area: mean where air time: point
atmos.va.tpt-al-hxy-u.6hr.glb,va,va,6hrLev.va,6hr,inst,atmos,atmos,6hrLev,Northward Wind,,dynamical_downscaling_core,Dynamical Downscaling (CORDEX),high,area: mean time: point
atmos.va.tpt-p5u-hxy-air.6hr.glb,vaUTLS,va,6hrPlevPt.vaUTLS,6hr,inst,atmos,atmos,6hrPlevPt,6 hourly instantaneous northward wind in the UTLS region,,aviation_impacts_essential,Impacts of climate change on aviation,medium,area: mean where air time: point
atmos.vas.tavg-h10m-hxy-u.6hr.glb,vas,vas,6hrPlev.vas,6hr,ave,atmos,atmos,6hrPlev,Northward Near-Surface Wind,,DCPP_Wider,Diagnosing temperature variability and extremes;Multi-annual-to-decadal predictability of the Earth System and risk assessment of climate extremes,high,area: time: mean
atmos.zg.tpt-al-hxy-u.6hr.glb,zg,zg,6hrLev.zg,6hr,inst,atmos,atmos,6hrLev,Geopotential height,,dynamical_downscaling_core,Dynamical Downscaling (CORDEX),high,area: mean time: point
atmos.zg.tavg-1000hPa-hxy-air.6hr.glb,zg1000,zg,6hrPlev.zg1000,6hr,ave,atmos,atmos,6hrPlev,Geopotential Height at 1000hPa,,DCPP_Wider,Diagnosing temperature variability and extremes;Multi-annual-to-decadal predictability of the Earth System and risk assessment of climate extremes,high,area: time: mean where air
atmos.cl.tavg-al-hxy-u.day.glb,cl,cl,CFday.cl,day,ave,atmos,atmos,CFday,Percentage Cloud Cover,,CHELSA_land_daily;biodiv_land_daily,Bias-adjustment for impacts modeling and analysis;Terrestrial Biodiversity,high;medium,area: time: mean
atmos.cldnvi.tavg-u-hxy-u.day.glb,cldnvi,cldnvi,Eday.cldnvi,day,ave,atmos,atmos,Eday,Column Integrated Cloud Droplet Number,,FireMIP_daily,Role of fire in the Earth system,high,area: time: mean
atmos.clt.tavg-u-hxy-u.day.glb,clt,clt,day.clt,day,ave,atmos,atmos,day,Total Cloud Cover Percentage,,DCPP_Wider;baseline_daily;transport_impacts_essential,Atmospheric dynamics and variability;Baseline Climate Variables for Earth System Modelling;Diagnosing temperature variability and extremes;Impacts of climate change on transport infrastructure;Multi-annual-to-decadal predictability of the Earth System and risk assessment of climate extremes;Robust Risk Assessment of Tipping Points,high;medium,area: time: mean
atmos.clt.tavg-u-hxy-lnd.day.glb,clt,clt,Eday.clt,day,ave,atmos,atmos,Eday,Total Cloud Cover Percentage,,CHELSA_land_daily,Bias-adjustment for impacts modeling and analysis,medium,area: mean where land time: mean
atmos.epfy.tavg-p39-hy-air.day.glb,epfy,epfy,EdayZ.epfy,day,ave,atmos,atmos,EdayZ,Northward Component of the Eliassen-Palm Flux,,dynvar_basic,Atmospheric dynamics and variability,high,longitude: time: mean where air
atmos.epfz.tavg-p39-hy-air.day.glb,epfz,epfz,EdayZ.epfz,day,ave,atmos,atmos,EdayZ,Upward Component of the Eliassen-Palm Flux,,dynvar_basic,Atmospheric dynamics and variability,high,longitude: time: mean where air
atmos.evspsbl.tavg-u-hxy-lnd.day.glb,evspsbl,evspsbl,Eday.evspsbl,day,ave,atmos,atmos land,Eday,Evaporation Including Sublimation and Transpiration,,AgWaterCore;AgWaterExt;biodiv_land_daily;impact_energy_hydropower;temperature_variability_daily_highpriority,Agriculture and Food System Impacts;Diagnosing temperature variability and extremes;Energy System Impacts;Terrestrial Biodiversity;Water Security and Freshwater Ecosystem Services,high;medium,area: mean where land time: mean
atmos.hfdsnb.tavg-u-hxy-lnd.day.glb,hfdsnb,hfdsnb,Eday.hfdsnb,day,ave,atmos,atmos,Eday,Downward Heat Flux at Snow Base,,snow_allfreq,"Assessments for Hydrological Processes, Water Resources, and Freshwater Systems",high,area: mean where land time: mean
atmos.hfls.tavg-u-hxy-u.day.glb,hfls,hfls,day.hfls,day,ave,atmos,atmos,day,Surface Upward Latent Heat Flux,,DCPP_Wider;temperature_variability_daily_highpriority,Diagnosing temperature variability and extremes;Multi-annual-to-decadal predictability of the Earth System and risk assessment of climate extremes,high,area: time: mean
atmos.hfss.tavg-u-hxy-u.day.glb,hfss,hfss,day.hfss,day,ave,atmos,atmos,day,Surface Upward Sensible Heat Flux,,DCPP_Wider;temperature_variability_daily_highpriority,Diagnosing temperature variability and extremes;Multi-annual-to-decadal predictability of the Earth System and risk assessment of climate extremes,high,area: time: mean
atmos.hur.tavg-p19-hxy-u.day.glb,hur,hur,day.hur,day,ave,atmos,atmos,day,Relative Humidity,,CHELSA_land_daily;DCPP_Wider;baseline_daily,Atmospheric dynamics and variability;Baseline Climate Variables for Earth System Modelling;Bias-adjustment for impacts modeling and analysis;Diagnosing temperature variability and extremes;Multi-annual-to-decadal predictability of the Earth System and risk assessment of climate extremes;Robust Risk Assessment of Tipping Points,high;medium,time: mean
atmos.hurs.tavg-h2m-hxy-u.day.glb,hurs,hurs,day.hurs,day,ave,atmos,atmos,day,Near-Surface Relative Humidity,,AgModelExpandedDaily;CHELSA_land_daily;DAMIP_daily;ISIMIPMinimalAtmos;baseline_daily;biodiv_land_daily,Agriculture and Food System Impacts;Atmospheric dynamics and variability;Baseline Climate Variables for Earth System Modelling;Bias-adjustment for impacts modeling and analysis;Detection and Attribution;Robust Risk Assessment of Tipping Points;Terrestrial Biodiversity;Water Security and Freshwater Ecosystem Services,high;medium,area: time: mean
atmos.hurs.tmax-h2m-hxy-u.day.glb,hursmax,hurs,day.hursmax,day,max,atmos,atmos,day,Daily Maximum Near-Surface Relative Humidity,,AgModelExpandedDaily;AgWaterCore;AgWaterExt;HealthHeatCoreDaily;HealthPollutionDaily,Agriculture and Food System Impacts;Health Impacts;Water Security and Freshwater Ecosystem Services,high;medium,area: mean time: maximum
atmos.hurs.tmin-h2m-hxy-u.day.glb,hursmin,hurs,day.hursmin,day,min,atmos,atmos,day,Daily Minimum Near-Surface Relative Humidity,,AgModelExpandedDaily;AgWaterCore;AgWaterExt;DAMIP_daily;HealthPollutionDaily,Agriculture and Food System Impacts;Detection and Attribution;Health Impacts;Water Security and Freshwater Ecosystem Services,high;medium,area: mean time: minimum
atmos.hus.tavg-p19-hxy-u.day.glb,hus,hus,day.hus,day,ave,atmos,atmos,day,Specific Humidity,,baseline_daily;dynvar_basic,Atmospheric dynamics and variability;Baseline Climate Variables for Earth System Modelling;Robust Risk Assessment of Tipping Points,high;medium,time: mean
atmos.huss.tavg-h2m-hxy-u.day.glb,huss,huss,day.huss,day,ave,atmos,atmos,day,Near-Surface Specific Humidity,,DAMIP_daily;ISIMIPMinimalAtmos;WaterResourcesPET_daily;baseline_daily;biodiv_land_daily;temperature_variability_daily_highpriority,"Atmospheric dynamics and variability;Baseline Climate Variables for Earth System Modelling;Bias-adjustment for impacts modeling and analysis;Detection and Attribution;Diagnosing temperature variability and extremes;Robust Risk Assessment of Tipping Points;Terrestrial Biodiversity;Vulnerability of urban systems, infrastructure and populations",high;medium,area: time: mean
atmos.loadbc.tavg-u-hxy-u.day.glb,loadbc,loadbc,Eday.loadbc,day,ave,atmos,atmos,Eday,Load of Black Carbon Aerosol,,FireMIP_daily,Role of fire in the Earth system,high,area: time: mean
atmos.loadoa.tavg-u-hxy-u.day.glb,loadoa,loadoa,Eday.loadoa,day,ave,atmos,atmos,Eday,Load of Dry Aerosol Organic Matter,,FireMIP_daily,Role of fire in the Earth system,high,area: time: mean
atmos.loadpoa.tavg-u-hxy-u.day.glb,loadpoa,loadpoa,Eday.loadpoa,day,ave,atmos,atmos,Eday,Load of Dry Aerosol Primary Organic Matter,,FireMIP_daily,Role of fire in the Earth system,high,area: time: mean
atmos.noaahi2m.tavg-h2m-hxy-u.day.glb,noaahi2m,noaahi2m,day.noaahi2m,day,ave,atmos,atmos,day,mean 2m daily NOAA heat index,,Heat_Indices,Health Impacts,medium,area: time: mean
atmos.noaahi2m.tmax-h2m-hxy-u.day.glb,noaahi2mmax,noaahi2m,day.noaahi2mmax,day,max,atmos,atmos,day,max 2m daily NOAA heat index,,Heat_Indices,Health Impacts,medium,area: mean time: maximum
atmos.pfull.tavg-al-hxy-u.day.glb,pfull,pfull,CFday.pfull,day,ave,atmos,atmos,CFday,Pressure at Model Full-Levels,,biodiv_land_daily,Terrestrial Biodiversity,high,area: time: mean
atmos.pr.tavg-u-hxy-u.day.glb,pr,pr,day.pr,day,ave,atmos,atmos,day,Precipitation,,AgModelCoreDaily;AgModelExpandedDaily;AgWaterCore;AgWaterExt;CHELSA_land_daily;DAMIP_daily;DCPP_Essential;HealthFloodingDaily;ISIMIPMinimalAtmos;WaterResources_daily;baseline_daily;biodiv_land_daily;dynvar_basic;hydro_modelling_daily;impact_energy_hydropower;transport_impacts_essential,"Agriculture and Food System Impacts;Assessments for Hydrological Processes, Water Resources, and Freshwater Systems;Atmospheric dynamics and variability;Baseline Climate Variables for Earth System Modelling;Bias-adjustment for impacts modeling and analysis;Detection and Attribution;Diagnosing temperature variability and extremes;Energy System Impacts;Health Impacts;Impacts of climate change on transport infrastructure;Multi-annual-to-decadal predictability of the Earth System and risk assessment of climate extremes;Robust Risk Assessment of Tipping Points;Terrestrial Biodiversity;Vulnerability of urban systems, infrastructure and populations;Water Security and Freshwater Ecosystem Services;Water cycle/budget assessment",high;medium,area: time: mean
atmos.prc.tavg-u-hxy-u.day.glb,prc,prc,day.prc,day,ave,atmos,atmos,day,Convective Precipitation,,biodiv_land_daily,Terrestrial Biodiversity,high,area: time: mean
atmos.pr.tmax-u-hxy-u.day.glb,prhmax,pr,Eday.prhmax,day,max,atmos,atmos,Eday,Maximum Hourly Precipitation Rate,,DCPP_Essential;HealthFloodingDaily,Diagnosing temperature variability and extremes;Health Impacts;Multi-annual-to-decadal predictability of the Earth System and risk assessment of climate extremes,high;medium,area: mean time: maximum
atmos.prrsn.tavg-u-hxy-lnd.day.glb,prrsn,prrsn,Eday.prrsn,day,ave,atmos,atmos,Eday,Fraction of Rainfall on Snow,,snow_allfreq,"Assessments for Hydrological Processes, Water Resources, and Freshwater Systems",high,area: mean where land time: mean
atmos.prsn.tavg-u-hxy-u.day.glb,prsn,prsn,day.prsn,day,ave,atmos,atmos,day,Snowfall Flux,,DAMIP_daily;DCPP_Wider;ISIMIPMinimalAtmos;biodiv_land_daily;snow_allfreq,"Assessments for Hydrological Processes, Water Resources, and Freshwater Systems;Bias-adjustment for impacts modeling and analysis;Detection and Attribution;Diagnosing temperature variability and extremes;Multi-annual-to-decadal predictability of the Earth System and risk assessment of climate extremes;Terrestrial Biodiversity",high;medium,area: time: mean
atmos.prsnc.tavg-u-hxy-lnd.day.glb,prsnc,prsnc,Eday.prsnc,day,ave,atmos,atmos,Eday,Convective Snowfall Flux,,snow_allfreq,"Assessments for Hydrological Processes, Water Resources, and Freshwater Systems",high,area: mean where land time: mean
atmos.prsnsn.tavg-u-hxy-lnd.day.glb,prsnsn,prsnsn,Eday.prsnsn,day,ave,atmos,atmos,Eday,Fraction of Snowfall (Including Hail and Graupel) on Snow,,snow_allfreq,"Assessments for Hydrological Processes, Water Resources, and Freshwater Systems",high,area: mean where land time: mean
atmos.prw.tavg-u-hxy-u.day.glb,prw,prw,Eday.prw,day,ave,atmos,atmos,Eday,Water Vapor Path,,DAMIP_daily,Detection and Attribution,high,area: time: mean
atmos.ps.tavg-u-hxy-u.day.glb,ps,ps,CFday.ps,day,ave,atmos,atmos,CFday,Surface Air Pressure,,CHELSA_land_daily;DAMIP_daily;ISIMIPMinimalAtmos;baseline_daily;biodiv_land_daily;dynvar_basic,Atmospheric dynamics and variability;Baseline Climate Variables for Earth System Modelling;Bias-adjustment for impacts modeling and analysis;Detection and Attribution;Robust Risk Assessment of Tipping Points;Terrestrial Biodiversity,high;medium,area: time: mean
atmos.psl.tavg-u-hxy-u.day.glb,psl,psl,day.psl,day,ave,atmos,atmos,day,Sea Level Pressure,,DAMIP_daily;DCPP_Essential;WaterResourcesPET_daily;baseline_daily;dynvar_basic,"Atmospheric dynamics and variability;Baseline Climate Variables for Earth System Modelling;Detection and Attribution;Diagnosing temperature variability and extremes;Multi-annual-to-decadal predictability of the Earth System and risk assessment of climate extremes;Robust Risk Assessment of Tipping Points;Vulnerability of urban systems, infrastructure and populations",high;medium,area: time: mean
atmos.rlds.tavg-u-hxy-u.day.glb,rlds,rlds,day.rlds,day,ave,atmos,atmos,day,Surface Downwelling Longwave Radiation,,AgModelExpandedDaily;CHELSA_land_daily;DAMIP_daily;DCPP_Wider;ISIMIPMinimalAtmos;biodiv_land_daily;temperature_variability_daily_highpriority,Agriculture and Food System Impacts;Bias-adjustment for impacts modeling and analysis;Detection and Attribution;Diagnosing temperature variability and extremes;Multi-annual-to-decadal predictability of the Earth System and risk assessment of climate extremes;Terrestrial Biodiversity;Water Security and Freshwater Ecosystem Services,high;medium,area: time: mean
atmos.rls.tavg-u-hxy-u.day.glb,rls,rls,day.rls,day,ave,atmos,atmos,day,Net Longwave Surface Radiation,,DCPP_Wider;WaterResourcesPET_daily,"Diagnosing temperature variability and extremes;Multi-annual-to-decadal predictability of the Earth System and risk assessment of climate extremes;Vulnerability of urban systems, infrastructure and populations",high,area: time: mean
atmos.rlus.tavg-u-hxy-u.day.glb,rlus,rlus,day.rlus,day,ave,atmos,atmos,day,Surface Upwelling Longwave Radiation,,AgModelExpandedDaily;temperature_variability_daily_highpriority,Agriculture and Food System Impacts;Diagnosing temperature variability and extremes;Water Security and Freshwater Ecosystem Services,high,area: time: mean
atmos.rlut.tavg-u-hxy-u.day.glb,rlut,rlut,day.rlut,day,ave,atmos,atmos,day,TOA Outgoing Longwave Radiation,,DCPP_Wider,Diagnosing temperature variability and extremes;Multi-annual-to-decadal predictability of the Earth System and risk assessment of climate extremes,high,area: time: mean
atmos.rsds.tavg-u-hxy-u.day.glb,rsds,rsds,day.rsds,day,ave,atmos,atmos,day,Surface Downwelling Shortwave Radiation,,AgModelCoreDaily;AgModelExpandedDaily;CHELSA_land_daily;DAMIP_daily;DCPP_Essential;ISIMIPMinimalAtmos;baseline_daily;biodiv_land_daily;temperature_variability_daily_highpriority,Agriculture and Food System Impacts;Atmospheric dynamics and variability;Baseline Climate Variables for Earth System Modelling;Bias-adjustment for impacts modeling and analysis;Detection and Attribution;Diagnosing temperature variability and extremes;Multi-annual-to-decadal predictability of the Earth System and risk assessment of climate extremes;Robust Risk Assessment of Tipping Points;Terrestrial Biodiversity;Water Security and Freshwater Ecosystem Services,high;medium,area: time: mean
atmos.rsdt.tavg-u-hxy-u.day.glb,rsdt,rsdt,CFday.rsdt,day,ave,atmos,atmos,CFday,TOA Incident Shortwave Radiation,,DCPP_Wider,Diagnosing temperature variability and extremes;Multi-annual-to-decadal predictability of the Earth System and risk assessment of climate extremes,high,area: time: mean
atmos.rss.tavg-u-hxy-u.day.glb,rss,rss,day.rss,day,ave,atmos,atmos,day,Net Shortwave Surface Radiation,,DCPP_Wider;WaterResourcesPET_daily,"Diagnosing temperature variability and extremes;Multi-annual-to-decadal predictability of the Earth System and risk assessment of climate extremes;Vulnerability of urban systems, infrastructure and populations",high,area: time: mean
atmos.rsus.tavg-u-hxy-u.day.glb,rsus,rsus,day.rsus,day,ave,atmos,atmos,day,Surface Upwelling Shortwave Radiation,,temperature_variability_daily_highpriority,Diagnosing temperature variability and extremes,high,area: time: mean
atmos.rsut.tavg-u-hxy-u.day.glb,rsut,rsut,CFday.rsut,day,ave,atmos,atmos,CFday,TOA Outgoing Shortwave Radiation,,DCPP_Wider,Diagnosing temperature variability and extremes;Multi-annual-to-decadal predictability of the Earth System and risk assessment of climate extremes,high,area: time: mean
atmos.sfcWind.tavg-h10m-hxy-u.day.glb,sfcWind,sfcWind,day.sfcWind,day,ave,atmos,atmos,day,Near-Surface Wind Speed,,AgModelExpandedDaily;CHELSA_land_daily;DAMIP_daily;ISIMIPMinimalAtmos;WaterResourcesPET_daily;baseline_daily;biodiv_land_daily;transport_impacts_essential,"Agriculture and Food System Impacts;Atmospheric dynamics and variability;Baseline Climate Variables for Earth System Modelling;Bias-adjustment for impacts modeling and analysis;Detection and Attribution;Impacts of climate change on transport infrastructure;Robust Risk Assessment of Tipping Points;Terrestrial Biodiversity;Vulnerability of urban systems, infrastructure and populations;Water Security and Freshwater Ecosystem Services",high;medium,area: time: mean
atmos.sfcWind.tmax-h10m-hxy-u.day.glb,sfcWindmax,sfcWind,day.sfcWindmax,day,max,atmos,atmos,day,Daily Maximum Near-Surface Wind Speed,,DAMIP_daily;DCPP_Essential;biodiv_land_daily_advanced;transport_impacts_essential,Detection and Attribution;Diagnosing temperature variability and extremes;Impacts of climate change on transport infrastructure;Multi-annual-to-decadal predictability of the Earth System and risk assessment of climate extremes;Terrestrial Biodiversity,high;medium,area: mean time: maximum
atmos.snmsl.tavg-u-hxy-lnd.day.glb,snmsl,snmsl,Eday.snmsl,day,ave,atmos,atmos,Eday,Water Flowing out of Snowpack,,hydrology,"Assessments for Hydrological Processes, Water Resources, and Freshwater Systems",high,area: mean where land time: mean
atmos.snrefr.tavg-u-hxy-lnd.day.glb,snrefr,snrefr,Eday.snrefr,day,ave,atmos,atmos,Eday,Refreezing of Water in the Snow,,snow_allfreq,"Assessments for Hydrological Processes, Water Resources, and Freshwater Systems",high,area: mean where land time: mean
atmos.snwc.tavg-u-hxy-lnd.day.glb,snwc,snwc,Eday.snwc,day,ave,atmos,atmos,Eday,Snow Water Equivalent Intercepted by the Vegetation,,snow_allfreq,"Assessments for Hydrological Processes, Water Resources, and Freshwater Systems",high,area: mean where land time: mean
atmos.ta.tavg-p19-hxy-air.day.glb,ta,ta,day.ta,day,ave,atmos,atmos,day,Air Temperature,,CHELSA_land_daily;DAMIP_daily;DCPP_Wider;baseline_daily;dynvar_basic,Atmospheric dynamics and variability;Baseline Climate Variables for Earth System Modelling;Bias-adjustment for impacts modeling and analysis;Detection and Attribution;Diagnosing temperature variability and extremes;Multi-annual-to-decadal predictability of the Earth System and risk assessment of climate extremes;Robust Risk Assessment of Tipping Points,high;medium,area: time: mean where air
atmos.ta.tavg-p39-hy-air.day.glb,ta,ta,EdayZ.ta,day,ave,atmos,atmos,EdayZ,Zonal Mean Air Temperature,,dynvar_basic,Atmospheric dynamics and variability,high,longitude: time: mean where air
atmos.ta.tavg-850hPa-hxy-air.day.glb,ta850,ta,Eday.ta850,day,ave,atmos,atmos,Eday,Air Temperature,,DCPP_Essential,Diagnosing temperature variability and extremes;Multi-annual-to-decadal predictability of the Earth System and risk assessment of climate extremes,high,area: time: mean where air
atmos.tas.tavg-h2m-hxy-u.day.glb,tas,tas,day.tas,day,ave,atmos,atmos,day,Near-Surface Air Temperature,,CHELSA_land_daily;DAMIP_daily;DCPP_Essential;ISIMIPMinimalAtmos;WaterResourcesPET_daily;baseline_daily;biodiv_land_daily;dynvar_basic;temperature_variability_daily_highpriority,"Atmospheric dynamics and variability;Baseline Climate Variables for Earth System Modelling;Bias-adjustment for impacts modeling and analysis;Detection and Attribution;Diagnosing temperature variability and extremes;Multi-annual-to-decadal predictability of the Earth System and risk assessment of climate extremes;Robust Risk Assessment of Tipping Points;Terrestrial Biodiversity;Vulnerability of urban systems, infrastructure and populations",high;medium,area: time: mean
atmos.tas.tmax-h2m-hxy-u.day.glb,tasmax,tas,day.tasmax,day,max,atmos,atmos,day,Daily Maximum Near-Surface Air Temperature,,AgModelCoreDaily;AgModelExpandedDaily;CHELSA_land_daily;DAMIP_daily;DCPP_Essential;HealthHeatCoreDaily;HealthPollutionDaily;ISIMIPMinimalAtmos;baseline_daily;biodiv_land_daily;temperature_variability_daily_highpriority;transport_impacts_essential,Agriculture and Food System Impacts;Atmospheric dynamics and variability;Baseline Climate Variables for Earth System Modelling;Bias-adjustment for impacts modeling and analysis;Detection and Attribution;Diagnosing temperature variability and extremes;Health Impacts;Impacts of climate change on transport infrastructure;Multi-annual-to-decadal predictability of the Earth System and risk assessment of climate extremes;Robust Risk Assessment of Tipping Points;Terrestrial Biodiversity;Water Security and Freshwater Ecosystem Services,high;medium,area: mean time: maximum
atmos.tas.tmin-h2m-hxy-u.day.glb,tasmin,tas,day.tasmin,day,min,atmos,atmos,day,Daily Minimum Near-Surface Air Temperature,,AgModelCoreDaily;AgModelExpandedDaily;CHELSA_land_daily;DAMIP_daily;DCPP_Essential;HealthHeatCoreDaily;HealthPollutionDaily;ISIMIPMinimalAtmos;baseline_daily;biodiv_land_daily;temperature_variability_daily_highpriority;transport_impacts_essential,Agriculture and Food System Impacts;Atmospheric dynamics and variability;Baseline Climate Variables for Earth System Modelling;Bias-adjustment for impacts modeling and analysis;Detection and Attribution;Diagnosing temperature variability and extremes;Health Impacts;Impacts of climate change on transport infrastructure;Multi-annual-to-decadal predictability of the Earth System and risk assessment of climate extremes;Robust Risk Assessment of Tipping Points;Terrestrial Biodiversity;Water Security and Freshwater Ecosystem Services,high;medium,area: mean time: minimum
atmos.tauu.tavg-u-hxy-u.day.glb,tauu,tauu,Eday.tauu,day,ave,atmos,atmos,Eday,Surface Downward Eastward Wind Stress,,DCPP_Wider;dynvar_basic,Atmospheric dynamics and variability;Diagnosing temperature variability and extremes;Multi-annual-to-decadal predictability of the Earth System and risk assessment of climate extremes,high,area: time: mean
atmos.tauunoegw.tavg-p39-hy-air.day.glb,tauunoegw,tauunoegw,EdayZ.tauunoegw,day,ave,atmos,atmos,EdayZ,Zonal mean eastward Reynolds stress from non-orographic eastward gravity wave parameterization,,dynvar_basic,Atmospheric dynamics and variability,high,longitude: time: mean where air
atmos.tauunowgw.tavg-p39-hy-air.day.glb,tauunowgw,tauunowgw,EdayZ.tauunowgw,day,ave,atmos,atmos,EdayZ,Zonal mean eastward Reynolds stress from non-orographic westward gravity wave parameterization,,dynvar_basic,Atmospheric dynamics and variability,high,longitude: time: mean where air
atmos.tauuogw.tavg-p39-hy-air.day.glb,tauuogw,tauuogw,EdayZ.tauuogw,day,ave,atmos,atmos,EdayZ,Zonal mean eastward Reynolds stress from orographic gravity wave parameterization,,dynvar_basic,Atmospheric dynamics and variability,high,longitude: time: mean where air
atmos.tauv.tavg-u-hxy-u.day.glb,tauv,tauv,Eday.tauv,day,ave,atmos,atmos,Eday,Surface Downward Northward Wind Stress,,DCPP_Wider;dynvar_basic,Atmospheric dynamics and variability;Diagnosing temperature variability and extremes;Multi-annual-to-decadal predictability of the Earth System and risk assessment of climate extremes,high,area: time: mean
atmos.tauvnogw.tavg-p39-hy-air.day.glb,tauvnogw,tauvnogw,EdayZ.tauvnogw,day,ave,atmos,atmos,EdayZ,Zonal mean northward Reynolds stress from non-orographic gravity wave parameterization,,dynvar_basic,Atmospheric dynamics and variability,high,longitude: time: mean where air
atmos.tauvogw.tavg-p39-hy-air.day.glb,tauvogw,tauvogw,EdayZ.tauvogw,day,ave,atmos,atmos,EdayZ,Zonal mean northward Reynolds stress from orographic gravity wave parameterization,,dynvar_basic,Atmospheric dynamics and variability,high,longitude: time: mean where air
atmos.tdps.tavg-h2m-hxy-u.day.glb,tdps,tdps,Eday.tdps,day,ave,atmos,atmos,Eday,2m Dewpoint Temperature,,DCPP_Wider,Diagnosing temperature variability and extremes;Multi-annual-to-decadal predictability of the Earth System and risk assessment of climate extremes,high,area: time: mean
atmos.tntmp.tavg-p39-hy-air.day.glb,tntmp,tntmp,EdayZ.tntmp,day,ave,atmos,atmos,EdayZ,Zonal Mean Tendency of Air Temperature Due to Model Physics,,dynvar_basic,Atmospheric dynamics and variability,high,longitude: time: mean where air
atmos.tntrl.tavg-p39-hy-air.day.glb,tntrl,tntrl,EdayZ.tntrl,day,ave,atmos,atmos,EdayZ,Zonal Mean Tendency of Air Temperature Due to Longwave Radiative Heating,,dynvar_basic,Atmospheric dynamics and variability,high,longitude: time: mean where air
atmos.tntrs.tavg-p39-hy-air.day.glb,tntrs,tntrs,EdayZ.tntrs,day,ave,atmos,atmos,EdayZ,Zonal Mean Tendency of Air Temperature Due to Shortwave Radiative Heating,,dynvar_basic,Atmospheric dynamics and variability,high,longitude: time: mean where air
atmos.ts.tavg-u-hxy-u.day.glb,ts,ts,Eday.ts,day,ave,atmos,atmos,Eday,Surface Temperature,,biodiv_land_daily,Terrestrial Biodiversity,high,area: time: mean
atmos.ts.tavg-u-hxy-lnd.day.glb,tsns,ts,Eday.tsns,day,ave,atmos,atmos,Eday,Snow Surface Temperature,,snow_allfreq,"Assessments for Hydrological Processes, Water Resources, and Freshwater Systems",high,area: time: mean where snow (on land)
atmos.ua.tavg-p19-hxy-air.day.glb,ua,ua,day.ua,day,ave,atmos,atmos,day,Eastward Wind,,CHELSA_land_daily;DAMIP_daily;DCPP_Wider;baseline_daily;dynvar_basic,Atmospheric dynamics and variability;Baseline Climate Variables for Earth System Modelling;Bias-adjustment for impacts modeling and analysis;Detection and Attribution;Diagnosing temperature variability and extremes;Multi-annual-to-decadal predictability of the Earth System and risk assessment of climate extremes;Robust Risk Assessment of Tipping Points,high;medium,area: time: mean where air
atmos.ua.tavg-p39-hy-air.day.glb,ua,ua,EdayZ.ua,day,ave,atmos,atmos,EdayZ,Eastward Wind,,dynvar_basic,Atmospheric dynamics and variability,high,longitude: time: mean where air
atmos.uas.tavg-h10m-hxy-u.day.glb,uas,uas,day.uas,day,ave,atmos,atmos,day,Eastward Near-Surface Wind,,CHELSA_land_daily;DAMIP_daily;DCPP_Wider;baseline_daily;dynvar_basic,Atmospheric dynamics and variability;Baseline Climate Variables for Earth System Modelling;Bias-adjustment for impacts modeling and analysis;Detection and Attribution;Diagnosing temperature variability and extremes;Multi-annual-to-decadal predictability of the Earth System and risk assessment of climate extremes;Robust Risk Assessment of Tipping Points,high;medium,area: time: mean
atmos.utendepfd.tavg-p39-hy-air.day.glb,utendepfd,utendepfd,EdayZ.utendepfd,day,ave,atmos,atmos,EdayZ,Tendency of Eastward Wind Due to Eliassen-Palm Flux Divergence,,dynvar_basic,Atmospheric dynamics and variability,high,longitude: time: mean where air
atmos.utendnogw.tavg-p39-hy-air.day.glb,utendnogw,utendnogw,EdayZ.utendnogw,day,ave,atmos,atmos,EdayZ,Eastward Acceleration Due to Non-Orographic Gravity Wave Drag,,dynvar_basic,Atmospheric dynamics and variability,high,longitude: time: mean where air
atmos.utendogw.tavg-p39-hy-air.day.glb,utendogw,utendogw,EdayZ.utendogw,day,ave,atmos,atmos,EdayZ,Eastward Acceleration Due to Orographic Gravity Wave Drag,,dynvar_basic,Atmospheric dynamics and variability,high,longitude: time: mean where air
atmos.utendvtem.tavg-p39-hy-air.day.glb,utendvtem,utendvtem,EdayZ.utendvtem,day,ave,atmos,atmos,EdayZ,Tendency of Eastward Wind Due to TEM Northward Advection and Coriolis Term,,dynvar_basic,Atmospheric dynamics and variability,high,longitude: time: mean where air
atmos.utendwtem.tavg-p39-hy-air.day.glb,utendwtem,utendwtem,EdayZ.utendwtem,day,ave,atmos,atmos,EdayZ,Tendency of Eastward Wind Due to TEM Upward Advection,,dynvar_basic,Atmospheric dynamics and variability,high,longitude: time: mean where air
atmos.va.tavg-p19-hxy-air.day.glb,va,va,day.va,day,ave,atmos,atmos,day,Northward Wind,,CHELSA_land_daily;DAMIP_daily;DCPP_Wider;baseline_daily;dynvar_basic,Atmospheric dynamics and variability;Baseline Climate Variables for Earth System Modelling;Bias-adjustment for impacts modeling and analysis;Detection and Attribution;Diagnosing temperature variability and extremes;Multi-annual-to-decadal predictability of the Earth System and risk assessment of climate extremes;Robust Risk Assessment of Tipping Points,high;medium,area: time: mean where air
atmos.vas.tavg-h10m-hxy-u.day.glb,vas,vas,day.vas,day,ave,atmos,atmos,day,Northward Near-Surface Wind,,CHELSA_land_daily;DAMIP_daily;DCPP_Wider;baseline_daily;dynvar_basic,Atmospheric dynamics and variability;Baseline Climate Variables for Earth System Modelling;Bias-adjustment for impacts modeling and analysis;Detection and Attribution;Diagnosing temperature variability and extremes;Multi-annual-to-decadal predictability of the Earth System and risk assessment of climate extremes;Robust Risk Assessment of Tipping Points,high;medium,area: time: mean
atmos.vtem.tavg-p39-hy-air.day.glb,vtem,vtem,EdayZ.vtem,day,ave,atmos,atmos,EdayZ,Transformed Eulerian Mean Northward Wind,,dynvar_basic,Atmospheric dynamics and variability,high,longitude: time: mean where air
atmos.wap.tavg-p19-hxy-u.day.glb,wap,wap,day.wap,day,ave,atmos,atmos,day,Omega (=dp/dt),,DAMIP_daily;baseline_daily;dynvar_basic,Atmospheric dynamics and variability;Baseline Climate Variables for Earth System Modelling;Detection and Attribution;Robust Risk Assessment of Tipping Points,high;medium,time: mean
atmos.wbgt.tavg-h2m-hxy-u.day.glb,wbgt2m,wbgt,day.wbgt2m,day,ave,atmos,atmos,day,mean 2m daily wet bulb globe temperature,,Heat_Indices,Health Impacts,medium,area: time: mean
atmos.wbgt.tmax-h2m-hxy-u.day.glb,wbgt2mmax,wbgt,day.wbgt2mmax,day,max,atmos,atmos,day,maximum 2m daily wet bulb globe temperature,,Heat_Indices,Health Impacts,medium,area: mean time: maximum
atmos.wtem.tavg-p39-hy-air.day.glb,wtem,wtem,EdayZ.wtem,day,ave,atmos,atmos,EdayZ,Transformed Eulerian Mean Upward Wind,,dynvar_basic,Atmospheric dynamics and variability,high,longitude: time: mean where air
atmos.zg.tavg-p19-hxy-air.day.glb,zg,zg,day.zg,day,ave,atmos,atmos,day,Geopotential Height,,CHELSA_land_daily;DAMIP_daily;DCPP_Wider;baseline_daily;dynvar_basic;temperature_variability_daily_highpriority,Atmospheric dynamics and variability;Baseline Climate Variables for Earth System Modelling;Bias-adjustment for impacts modeling and analysis;Detection and Attribution;Diagnosing temperature variability and extremes;Multi-annual-to-decadal predictability of the Earth System and risk assessment of climate extremes;Robust Risk Assessment of Tipping Points,high;medium,area: time: mean where air
atmos.zg.tavg-p39-hy-air.day.glb,zg,zg,EdayZ.zg,day,ave,atmos,atmos,EdayZ,Geopotential Height,,dynvar_basic,Atmospheric dynamics and variability,high,longitude: time: mean where air
atmos.zg.tavg-500hPa-hxy-air.day.glb,zg500,zg,AERday.zg500,day,ave,atmos,atmos,AERday,Geopotential Height at 500hPa,,DCPP_Essential,Diagnosing temperature variability and extremes;Multi-annual-to-decadal predictability of the Earth System and risk assessment of climate extremes,high,area: time: mean where air
atmos.areacella.ti-u-hxy-u.fx.glb,areacella,areacella,fx.areacella,fx,unknown,atmos,atmos land,fx,Grid-Cell Area for Atmospheric Grid Variables,,baseline_fixed,Atmospheric dynamics and variability;Baseline Climate Variables for Earth System Modelling;Robust Risk Assessment of Tipping Points,high;medium,area: sum
atmos.sftlf.ti-u-hxy-u.fx.glb,sftlf,sftlf,fx.sftlf,fx,unknown,atmos,atmos,fx,Percentage of the Grid Cell Occupied by Land (Including Lakes),,baseline_fixed;dynamical_downscaling_core;hydrology,"Assessments for Hydrological Processes, Water Resources, and Freshwater Systems;Atmospheric dynamics and variability;Baseline Climate Variables for Earth System Modelling;Dynamical Downscaling (CORDEX);Robust Risk Assessment of Tipping Points",high;medium,area: mean
atmos.aod550volso4.tavg-u-hxy-u.mon.glb,aod550volso4,aod550volso4,Amon.aod550volso4,mon,ave,atmos,atmos,Amon,Monthly Aerosol Optical Depth at 550nm Due to Stratospheric Volcanic Aerosols,,DAMIP_monthly,Detection and Attribution,high,area: time: mean
atmos.cl.tavg-al-hxy-u.mon.glb,cl,cl,Amon.cl,mon,ave,atmos,atmos,Amon,Percentage Cloud Cover,,baseline_monthly,Atmospheric dynamics and variability;Baseline Climate Variables for Earth System Modelling;Robust Risk Assessment of Tipping Points,high;medium,area: time: mean
atmos.cli.tavg-al-hxy-u.mon.glb,cli,cli,Amon.cli,mon,ave,atmos,atmos,Amon,Mass Fraction of Cloud Ice,,baseline_monthly,Atmospheric dynamics and variability;Baseline Climate Variables for Earth System Modelling;Robust Risk Assessment of Tipping Points,high;medium,area: time: mean
atmos.clivi.tavg-u-hxy-u.mon.glb,clivi,clivi,Amon.clivi,mon,ave,atmos,atmos,Amon,Ice Water Path,,DAMIP_monthly;baseline_monthly,Atmospheric dynamics and variability;Baseline Climate Variables for Earth System Modelling;Detection and Attribution;Robust Risk Assessment of Tipping Points,high;medium,area: time: mean
atmos.clt.tavg-u-hxy-u.mon.glb,clt,clt,Amon.clt,mon,ave,atmos,atmos,Amon,Total Cloud Cover Percentage,,DAMIP_monthly;DCPP_Essential;FireMIP_monthly;baseline_monthly;biodiv_land_monthly,Atmospheric dynamics and variability;Baseline Climate Variables for Earth System Modelling;Detection and Attribution;Diagnosing temperature variability and extremes;Multi-annual-to-decadal predictability of the Earth System and risk assessment of climate extremes;Robust Risk Assessment of Tipping Points;Role of fire in the Earth system;Terrestrial Biodiversity,high;medium,area: time: mean
atmos.cltc.tavg-u-hxy-u.mon.glb,cltc,cltc,AERmon.cltc,mon,ave,atmos,atmos aerosol,AERmon,Convective Cloud Cover Percentage,,FireMIP_monthly,Role of fire in the Earth system,high,area: time: mean
atmos.clw.tavg-al-hxy-u.mon.glb,clw,clw,Amon.clw,mon,ave,atmos,atmos,Amon,Mass Fraction of Cloud Liquid Water,,baseline_monthly,Atmospheric dynamics and variability;Baseline Climate Variables for Earth System Modelling;Robust Risk Assessment of Tipping Points,high;medium,area: time: mean
atmos.clwvi.tavg-u-hxy-u.mon.glb,clwvi,clwvi,Amon.clwvi,mon,ave,atmos,atmos,Amon,Condensed Water Path,,DAMIP_monthly;baseline_monthly,Atmospheric dynamics and variability;Baseline Climate Variables for Earth System Modelling;Detection and Attribution;Robust Risk Assessment of Tipping Points,high;medium,area: time: mean
atmos.co2.tavg-al-hxy-u.mon.glb,co2,co2,AERmon.co2,mon,ave,atmos,atmos aerosol,AERmon,Mole Fraction of CO2,,dynamical_downscaling_core,Dynamical Downscaling (CORDEX),high,area: time: mean
atmos.co23D.tavg-al-hxy-u.mon.glb,co23D,co23D,Emon.co23D,mon,ave,atmos,atmos,Emon,3D-Field of Transported CO2,tier1,atmosphere_carbon_cycle_tier1,Benchmarking and Attributing Changes to Global Carbon and other Biogeochemical Cycles;Constructing a Global Carbon Budget,high,area: time: mean
atmos.co2.tclm-p19-hxy-air.mon.glb,co2Clim,co2,Amon.co2Clim,mon,clim,atmos,atmos aerosol,Amon,Mole Fraction of CO2,,FireMIP_monthly,Role of fire in the Earth system,high,area: mean where air time: mean within years time: mean over years
atmos.co2mass.tavg-u-hm-u.mon.glb,co2mass,co2mass,Amon.co2mass,mon,ave,atmos,atmos,Amon,Total Atmospheric Mass of CO2,tier1,atmosphere_carbon_cycle_tier1;biodiv_land_monthly,Benchmarking and Attributing Changes to Global Carbon and other Biogeochemical Cycles;Constructing a Global Carbon Budget;Terrestrial Biodiversity,high,height: sum (through atmospheric column) area: sum time: mean
atmos.co2.tclm-u-hm-u.mon.glb,co2massClim,co2,Amon.co2massClim,mon,clim,atmos,atmos aerosol,Amon,Total Atmospheric Mass of CO2,,DAMIP_monthly;DCPP_Essential;marine_bgc_baseline,Changes in marine biogeochemical cycles and ecosystem processes;Climate impacts on marine biodiversity and ecosystems;Detection and Attribution;Diagnosing temperature variability and extremes;Multi-annual-to-decadal predictability of the Earth System and risk assessment of climate extremes,high;medium,height: sum (through atmospheric column) area: sum time: mean within years time: mean over years
atmos.co2.tavg-h2m-hxy-u.mon.glb,co2s,co2,Emon.co2s,mon,ave,atmos,atmos,Emon,Near-surface atmosphere CO2,,DCPP_Wider,Diagnosing temperature variability and extremes;Multi-annual-to-decadal predictability of the Earth System and risk assessment of climate extremes,high,area: time: mean
atmos.epfy.tavg-p39-hy-air.mon.glb,epfy,epfy,EmonZ.epfy,mon,ave,atmos,atmos,EmonZ,Northward Component of the Eliassen-Palm Flux,,DCPP_Wider;dynvar_basic,Atmospheric dynamics and variability;Diagnosing temperature variability and extremes;Multi-annual-to-decadal predictability of the Earth System and risk assessment of climate extremes,high,longitude: time: mean where air
atmos.epfz.tavg-p39-hy-air.mon.glb,epfz,epfz,EmonZ.epfz,mon,ave,atmos,atmos,EmonZ,Upward Component of the Eliassen-Palm Flux,,DCPP_Wider;dynvar_basic,Atmospheric dynamics and variability;Diagnosing temperature variability and extremes;Multi-annual-to-decadal predictability of the Earth System and risk assessment of climate extremes,high,longitude: time: mean where air
atmos.evspsbl.tavg-u-hxy-u.mon.glb,evspsbl,evspsbl,Amon.evspsbl,mon,ave,atmos,atmos land,Amon,Evaporation Including Sublimation and Transpiration,,DAMIP_monthly;DCPP_Essential;FireMIP_monthly;baseline_monthly;biodiv_land_monthly,Atmospheric dynamics and variability;Baseline Climate Variables for Earth System Modelling;Detection and Attribution;Diagnosing temperature variability and extremes;Multi-annual-to-decadal predictability of the Earth System and risk assessment of climate extremes;Robust Risk Assessment of Tipping Points;Role of fire in the Earth system;Terrestrial Biodiversity,high;medium,area: time: mean
atmos.fco2all.tavg-u-hxy-u.mon.glb,fco2all,fco2all,Amon.fco2all,mon,ave,atmos,atmos,Amon,Carbon Mass Flux into Atmosphere Due to All Emissions of CO2 from All Sources [kgC m-2 s-1],tier1,atmosphere_carbon_cycle_tier1,Benchmarking and Attributing Changes to Global Carbon and other Biogeochemical Cycles;Constructing a Global Carbon Budget,high,area: time: mean
atmos.fco2antt.tavg-u-hxy-u.mon.glb,fco2antt,fco2antt,Amon.fco2antt,mon,ave,atmos,atmos,Amon,Carbon Mass Flux into Atmosphere Due to All Anthropogenic Emissions of CO2 [kgC m-2 s-1],tier1,atmosphere_carbon_cycle_tier1,Benchmarking and Attributing Changes to Global Carbon and other Biogeochemical Cycles;Constructing a Global Carbon Budget,high,area: time: mean
atmos.fco2fos.tavg-u-hxy-u.mon.glb,fco2fos,fco2fos,Amon.fco2fos,mon,ave,atmos,atmos,Amon,Carbon Mass Flux into Atmosphere Due to Fossil Fuel Emissions of CO2 [kgC m-2 s-1],tier1,atmosphere_carbon_cycle_tier1,Benchmarking and Attributing Changes to Global Carbon and other Biogeochemical Cycles;Constructing a Global Carbon Budget,high,area: time: mean
atmos.fco2nat.tavg-u-hxy-u.mon.glb,fco2nat,fco2nat,Amon.fco2nat,mon,ave,atmos,atmos,Amon,Surface Carbon Mass Flux into the Atmosphere Due to Natural Sources [kgC m-2 s-1],tier1,FireMIP_monthly;atmosphere_carbon_cycle_tier1,Benchmarking and Attributing Changes to Global Carbon and other Biogeochemical Cycles;Constructing a Global Carbon Budget;Role of fire in the Earth system,high,area: time: mean
atmos.hfls.tavg-u-hxy-u.mon.glb,hfls,hfls,Amon.hfls,mon,ave,atmos,atmos,Amon,Surface Upward Latent Heat Flux,,DAMIP_monthly;DCPP_Essential;FireMIP_monthly;baseline_monthly;seaice_budget_energy_monthly,"Atmospheric dynamics and variability;Baseline Climate Variables for Earth System Modelling;Detection and Attribution;Diagnosing temperature variability and extremes;Earth's Energy Budget;Multi-annual-to-decadal predictability of the Earth System and risk assessment of climate extremes;Robust Risk Assessment of Tipping Points;Role of fire in the Earth system;Sea ice changes, drivers and impacts",high;medium,area: time: mean
atmos.hfss.tavg-u-hxy-u.mon.glb,hfss,hfss,Amon.hfss,mon,ave,atmos,atmos,Amon,Surface Upward Sensible Heat Flux,,DAMIP_monthly;DCPP_Essential;FireMIP_monthly;baseline_monthly;seaice_budget_energy_monthly,"Atmospheric dynamics and variability;Baseline Climate Variables for Earth System Modelling;Detection and Attribution;Diagnosing temperature variability and extremes;Earth's Energy Budget;Multi-annual-to-decadal predictability of the Earth System and risk assessment of climate extremes;Robust Risk Assessment of Tipping Points;Role of fire in the Earth system;Sea ice changes, drivers and impacts",high;medium,area: time: mean
atmos.hur.tavg-p19-hxy-air.mon.glb,hur,hur,Amon.hur,mon,ave,atmos,atmos,Amon,Relative Humidity,,FireMIP_monthly;baseline_monthly,Atmospheric dynamics and variability;Baseline Climate Variables for Earth System Modelling;Robust Risk Assessment of Tipping Points;Role of fire in the Earth system,high;medium,area: time: mean where air
atmos.hurs.tavg-h2m-hxy-u.mon.glb,hurs,hurs,Amon.hurs,mon,ave,atmos,atmos,Amon,Near-Surface Relative Humidity,,DAMIP_monthly;FireMIP_monthly;baseline_monthly;biodiv_land_monthly,Atmospheric dynamics and variability;Baseline Climate Variables for Earth System Modelling;Detection and Attribution;Robust Risk Assessment of Tipping Points;Role of fire in the Earth system;Terrestrial Biodiversity,high;medium,area: time: mean
atmos.hus.tavg-p19-hxy-u.mon.glb,hus,hus,Amon.hus,mon,ave,atmos,atmos,Amon,Specific Humidity,,DCPP_Wider;baseline_monthly;dynvar_basic,Atmospheric dynamics and variability;Baseline Climate Variables for Earth System Modelling;Diagnosing temperature variability and extremes;Multi-annual-to-decadal predictability of the Earth System and risk assessment of climate extremes;Robust Risk Assessment of Tipping Points,high;medium,time: mean
atmos.huss.tavg-h2m-hxy-u.mon.glb,huss,huss,Amon.huss,mon,ave,atmos,atmos,Amon,Near-Surface Specific Humidity,,DAMIP_monthly;DCPP_Essential;FireMIP_monthly;baseline_monthly;biodiv_land_monthly,Atmospheric dynamics and variability;Baseline Climate Variables for Earth System Modelling;Detection and Attribution;Diagnosing temperature variability and extremes;Multi-annual-to-decadal predictability of the Earth System and risk assessment of climate extremes;Robust Risk Assessment of Tipping Points;Role of fire in the Earth system;Terrestrial Biodiversity,high;medium,area: time: mean
atmos.loadso4.tavg-u-hxy-u.mon.glb,loadso4,loadso4,Emon.loadso4,mon,ave,atmos,atmos,Emon,Load of SO4,,DAMIP_monthly,Detection and Attribution,high,area: time: mean
atmos.pr.tavg-u-hxy-u.mon.glb,pr,pr,Amon.pr,mon,ave,atmos,atmos,Amon,Precipitation,,DAMIP_monthly;DCPP_Essential;FireMIP_monthly;WaterResources_monthly;baseline_monthly;biodiv_land_monthly;dynvar_basic,"Assessments for Hydrological Processes, Water Resources, and Freshwater Systems;Atmospheric dynamics and variability;Baseline Climate Variables for Earth System Modelling;Detection and Attribution;Diagnosing temperature variability and extremes;Multi-annual-to-decadal predictability of the Earth System and risk assessment of climate extremes;Robust Risk Assessment of Tipping Points;Role of fire in the Earth system;Terrestrial Biodiversity",high;medium,area: time: mean
atmos.prc.tavg-u-hxy-u.mon.glb,prc,prc,Amon.prc,mon,ave,atmos,atmos,Amon,Convective Precipitation,,baseline_monthly,Atmospheric dynamics and variability;Baseline Climate Variables for Earth System Modelling;Robust Risk Assessment of Tipping Points,high;medium,area: time: mean
atmos.pr.tmax-u-hxy-u.mon.glb,prhmax,pr,Emon.prhmax,mon,max,atmos,atmos,Emon,Maximum Hourly Precipitation Rate,,DCPP_Essential,Diagnosing temperature variability and extremes;Multi-annual-to-decadal predictability of the Earth System and risk assessment of climate extremes,high,area: mean time: maximum
atmos.prra.tavg-u-hxy-u.mon.glb,prra,prra,Amon.prra,mon,ave,atmos,atmos,Amon,Rainfall Flux,,FireMIP_monthly,Role of fire in the Earth system,high,area: time: mean
atmos.prsn.tavg-u-hxy-u.mon.glb,prsn,prsn,Amon.prsn,mon,ave,atmos,atmos,Amon,Snowfall Flux,,DAMIP_monthly;DCPP_Wider;FireMIP_monthly;baseline_monthly;snow_allfreq,"Assessments for Hydrological Processes, Water Resources, and Freshwater Systems;Atmospheric dynamics and variability;Baseline Climate Variables for Earth System Modelling;Detection and Attribution;Diagnosing temperature variability and extremes;Multi-annual-to-decadal predictability of the Earth System and risk assessment of climate extremes;Robust Risk Assessment of Tipping Points;Role of fire in the Earth system",high;medium,area: time: mean
atmos.prw.tavg-u-hxy-u.mon.glb,prw,prw,Amon.prw,mon,ave,atmos,atmos,Amon,Water Vapor Path,,baseline_monthly,Atmospheric dynamics and variability;Baseline Climate Variables for Earth System Modelling;Robust Risk Assessment of Tipping Points,high;medium,area: time: mean
atmos.ps.tavg-u-hxy-u.mon.glb,ps,ps,Amon.ps,mon,ave,atmos,atmos,Amon,Surface Air Pressure,,DAMIP_monthly;DCPP_Wider;baseline_monthly;dynvar_basic,Atmospheric dynamics and variability;Baseline Climate Variables for Earth System Modelling;Detection and Attribution;Diagnosing temperature variability and extremes;Multi-annual-to-decadal predictability of the Earth System and risk assessment of climate extremes;Robust Risk Assessment of Tipping Points,high;medium,area: time: mean
atmos.psl.tavg-u-hxy-u.mon.glb,psl,psl,Amon.psl,mon,ave,atmos,atmos,Amon,Sea Level Pressure,,DAMIP_monthly;DCPP_Essential;FireMIP_monthly;baseline_monthly;dynvar_basic,Atmospheric dynamics and variability;Baseline Climate Variables for Earth System Modelling;Detection and Attribution;Diagnosing temperature variability and extremes;Multi-annual-to-decadal predictability of the Earth System and risk assessment of climate extremes;Robust Risk Assessment of Tipping Points;Role of fire in the Earth system,high;medium,area: time: mean
atmos.reffsclwtop.tavg-u-hxy-scl.mon.glb,reffsclwtop,reffsclwtop,Emon.reffsclwtop,mon,ave,atmos,atmos atmosChem aerosol,Emon,Cloud-Top Effective Droplet Radius in Stratiform Cloud,,FireMIP_monthly,Role of fire in the Earth system,high,area: time: mean where stratiform_cloud (weighted by area of upper-most stratiform liquid water layer)
atmos.rlds.tavg-u-hxy-u.mon.glb,rlds,rlds,Amon.rlds,mon,ave,atmos,atmos,Amon,Surface Downwelling Longwave Radiation,,DAMIP_monthly;DCPP_Wider;FireMIP_monthly;baseline_monthly;biodiv_land_monthly;seaice_budget_energy_monthly,"Atmospheric dynamics and variability;Baseline Climate Variables for Earth System Modelling;Detection and Attribution;Diagnosing temperature variability and extremes;Earth's Energy Budget;Multi-annual-to-decadal predictability of the Earth System and risk assessment of climate extremes;Robust Risk Assessment of Tipping Points;Role of fire in the Earth system;Sea ice changes, drivers and impacts;Terrestrial Biodiversity",high;medium,area: time: mean
atmos.rldscs.tavg-u-hxy-u.mon.glb,rldscs,rldscs,Amon.rldscs,mon,ave,atmos,atmos,Amon,Surface Downwelling Clear-Sky Longwave Radiation,,DAMIP_monthly;baseline_monthly,Atmospheric dynamics and variability;Baseline Climate Variables for Earth System Modelling;Detection and Attribution;Robust Risk Assessment of Tipping Points,high;medium,area: time: mean
atmos.rls.tavg-u-hxy-u.mon.glb,rls,rls,Emon.rls,mon,ave,atmos,atmos,Emon,Net Longwave Surface Radiation,,DCPP_Essential;FireMIP_monthly,Diagnosing temperature variability and extremes;Multi-annual-to-decadal predictability of the Earth System and risk assessment of climate extremes;Role of fire in the Earth system,high,area: time: mean
atmos.rlus.tavg-u-hxy-u.mon.glb,rlus,rlus,Amon.rlus,mon,ave,atmos,atmos,Amon,Surface Upwelling Longwave Radiation,,DAMIP_monthly;FireMIP_monthly;baseline_monthly;seaice_budget_energy_monthly,"Atmospheric dynamics and variability;Baseline Climate Variables for Earth System Modelling;Detection and Attribution;Earth's Energy Budget;Robust Risk Assessment of Tipping Points;Role of fire in the Earth system;Sea ice changes, drivers and impacts",high;medium,area: time: mean
atmos.rluscs.tavg-u-hxy-u.mon.glb,rluscs,rluscs,Amon.rluscs,mon,ave,atmos,atmos,Amon,Surface Upwelling Clear-Sky Longwave Radiation,,baseline_monthly,Atmospheric dynamics and variability;Baseline Climate Variables for Earth System Modelling;Robust Risk Assessment of Tipping Points,high;medium,area: time: mean
atmos.rlut.tavg-u-hxy-u.mon.glb,rlut,rlut,Amon.rlut,mon,ave,atmos,atmos,Amon,TOA Outgoing Longwave Radiation,,DAMIP_monthly;DCPP_Essential;baseline_monthly,Atmospheric dynamics and variability;Baseline Climate Variables for Earth System Modelling;Detection and Attribution;Diagnosing temperature variability and extremes;Multi-annual-to-decadal predictability of the Earth System and risk assessment of climate extremes;Robust Risk Assessment of Tipping Points,high;medium,area: time: mean
atmos.rlutcs.tavg-u-hxy-u.mon.glb,rlutcs,rlutcs,Amon.rlutcs,mon,ave,atmos,atmos,Amon,TOA Outgoing Clear-Sky Longwave Radiation,,DAMIP_monthly;DCPP_Wider;baseline_monthly,Atmospheric dynamics and variability;Baseline Climate Variables for Earth System Modelling;Detection and Attribution;Diagnosing temperature variability and extremes;Multi-annual-to-decadal predictability of the Earth System and risk assessment of climate extremes;Robust Risk Assessment of Tipping Points,high;medium,area: time: mean
atmos.rsds.tavg-u-hxy-u.mon.glb,rsds,rsds,Amon.rsds,mon,ave,atmos,atmos,Amon,Surface Downwelling Shortwave Radiation,tier1,DAMIP_monthly;DCPP_Essential;FireMIP_monthly;baseline_monthly;biodiv_land_monthly;land_benchmarking_and_landcover_variables_tier1;seaice_budget_energy_monthly,"Atmospheric dynamics and variability;Baseline Climate Variables for Earth System Modelling;Benchmarking and Attributing Changes to Global Carbon and other Biogeochemical Cycles;Detection and Attribution;Diagnosing temperature variability and extremes;Earth's Energy Budget;Multi-annual-to-decadal predictability of the Earth System and risk assessment of climate extremes;Robust Risk Assessment of Tipping Points;Role of fire in the Earth system;Sea ice changes, drivers and impacts;Terrestrial Biodiversity",high;medium,area: time: mean
atmos.rsdscs.tavg-u-hxy-u.mon.glb,rsdscs,rsdscs,Amon.rsdscs,mon,ave,atmos,atmos,Amon,Surface Downwelling Clear-Sky Shortwave Radiation,,DAMIP_monthly;baseline_monthly,Atmospheric dynamics and variability;Baseline Climate Variables for Earth System Modelling;Detection and Attribution;Robust Risk Assessment of Tipping Points,high;medium,area: time: mean
atmos.rsdt.tavg-u-hxy-u.mon.glb,rsdt,rsdt,Amon.rsdt,mon,ave,atmos,atmos,Amon,TOA Incident Shortwave Radiation,,DAMIP_monthly;DCPP_Essential;baseline_monthly,Atmospheric dynamics and variability;Baseline Climate Variables for Earth System Modelling;Detection and Attribution;Diagnosing temperature variability and extremes;Multi-annual-to-decadal predictability of the Earth System and risk assessment of climate extremes;Robust Risk Assessment of Tipping Points,high;medium,area: time: mean
atmos.rss.tavg-u-hxy-u.mon.glb,rss,rss,Emon.rss,mon,ave,atmos,atmos,Emon,Net Shortwave Surface Radiation,,DCPP_Essential;FireMIP_monthly,Diagnosing temperature variability and extremes;Multi-annual-to-decadal predictability of the Earth System and risk assessment of climate extremes;Role of fire in the Earth system,high,area: time: mean
atmos.rsus.tavg-u-hxy-u.mon.glb,rsus,rsus,Amon.rsus,mon,ave,atmos,atmos,Amon,Surface Upwelling Shortwave Radiation,tier1,DAMIP_monthly;FireMIP_monthly;baseline_monthly;land_benchmarking_and_landcover_variables_tier1;seaice_budget_energy_monthly,"Atmospheric dynamics and variability;Baseline Climate Variables for Earth System Modelling;Benchmarking and Attributing Changes to Global Carbon and other Biogeochemical Cycles;Detection and Attribution;Earth's Energy Budget;Robust Risk Assessment of Tipping Points;Role of fire in the Earth system;Sea ice changes, drivers and impacts",high;medium,area: time: mean
atmos.rsuscs.tavg-u-hxy-u.mon.glb,rsuscs,rsuscs,Amon.rsuscs,mon,ave,atmos,atmos,Amon,Surface Upwelling Clear-Sky Shortwave Radiation,,DAMIP_monthly;baseline_monthly,Atmospheric dynamics and variability;Baseline Climate Variables for Earth System Modelling;Detection and Attribution;Robust Risk Assessment of Tipping Points,high;medium,area: time: mean
atmos.rsut.tavg-u-hxy-u.mon.glb,rsut,rsut,Amon.rsut,mon,ave,atmos,atmos,Amon,TOA Outgoing Shortwave Radiation,,DAMIP_monthly;DCPP_Essential;baseline_monthly,Atmospheric dynamics and variability;Baseline Climate Variables for Earth System Modelling;Detection and Attribution;Diagnosing temperature variability and extremes;Multi-annual-to-decadal predictability of the Earth System and risk assessment of climate extremes;Robust Risk Assessment of Tipping Points,high;medium,area: time: mean
atmos.rsutcs.tavg-u-hxy-u.mon.glb,rsutcs,rsutcs,Amon.rsutcs,mon,ave,atmos,atmos,Amon,TOA Outgoing Clear-Sky Shortwave Radiation,,DCPP_Wider;baseline_monthly,Atmospheric dynamics and variability;Baseline Climate Variables for Earth System Modelling;Diagnosing temperature variability and extremes;Multi-annual-to-decadal predictability of the Earth System and risk assessment of climate extremes;Robust Risk Assessment of Tipping Points,high;medium,area: time: mean
atmos.rtmt.tavg-u-hxy-u.mon.glb,rtmt,rtmt,Amon.rtmt,mon,ave,atmos,atmos,Amon,Net Downward Radiative Flux at Top of Model,,DAMIP_monthly;FireMIP_monthly,Detection and Attribution;Role of fire in the Earth system,high,area: time: mean
atmos.sfcWind.tavg-h10m-hxy-u.mon.glb,sfcWind,sfcWind,Amon.sfcWind,mon,ave,atmos,atmos,Amon,Near-Surface Wind Speed,,DAMIP_monthly;DCPP_Essential;FireMIP_monthly;baseline_monthly;biodiv_land_monthly,Atmospheric dynamics and variability;Baseline Climate Variables for Earth System Modelling;Detection and Attribution;Diagnosing temperature variability and extremes;Multi-annual-to-decadal predictability of the Earth System and risk assessment of climate extremes;Robust Risk Assessment of Tipping Points;Role of fire in the Earth system;Terrestrial Biodiversity,high;medium,area: time: mean
atmos.sfcWind.tmaxavg-h10m-hxy-u.mon.glb,sfcWindmax,sfcWind,Emon.sfcWindmax,mon,max,atmos,atmos,Emon,Daily Maximum Near-Surface Wind Speed,,DCPP_Essential,Diagnosing temperature variability and extremes;Multi-annual-to-decadal predictability of the Earth System and risk assessment of climate extremes,high,area: mean time: maximum within days time: mean over days
atmos.ta.tavg-p19-hxy-air.mon.glb,ta,ta,Amon.ta,mon,ave,atmos,atmos,Amon,Air Temperature,,DAMIP_monthly;DCPP_Essential;FireMIP_monthly;baseline_monthly;dynvar_basic,Atmospheric dynamics and variability;Baseline Climate Variables for Earth System Modelling;Detection and Attribution;Diagnosing temperature variability and extremes;Multi-annual-to-decadal predictability of the Earth System and risk assessment of climate extremes;Robust Risk Assessment of Tipping Points;Role of fire in the Earth system,high;medium,area: time: mean where air
atmos.ta.tavg-p39-hy-air.mon.glb,ta,ta,AERmonZ.ta,mon,ave,atmos,atmos,AERmonZ,Zonal Mean Air Temperature,,DAMIP_monthly;DCPP_Wider;dynvar_basic,Atmospheric dynamics and variability;Detection and Attribution;Diagnosing temperature variability and extremes;Multi-annual-to-decadal predictability of the Earth System and risk assessment of climate extremes,high,longitude: time: mean where air
atmos.tas.tavg-h2m-hxy-u.mon.glb,tas,tas,Amon.tas,mon,ave,atmos,atmos,Amon,Near-Surface Air Temperature,,DAMIP_monthly;DCPP_Essential;FireMIP_monthly;baseline_monthly;biodiv_land_monthly;dynvar_basic,Atmospheric dynamics and variability;Baseline Climate Variables for Earth System Modelling;Detection and Attribution;Diagnosing temperature variability and extremes;Multi-annual-to-decadal predictability of the Earth System and risk assessment of climate extremes;Robust Risk Assessment of Tipping Points;Role of fire in the Earth system;Terrestrial Biodiversity,high;medium,area: time: mean
atmos.tas.tmaxavg-h2m-hxy-u.mon.glb,tasmax,tas,Amon.tasmax,mon,max,atmos,atmos,Amon,Daily Maximum Near-Surface Air Temperature,,DCPP_Essential;FireMIP_monthly;baseline_monthly;biodiv_land_monthly,Atmospheric dynamics and variability;Baseline Climate Variables for Earth System Modelling;Diagnosing temperature variability and extremes;Multi-annual-to-decadal predictability of the Earth System and risk assessment of climate extremes;Robust Risk Assessment of Tipping Points;Role of fire in the Earth system;Terrestrial Biodiversity,high;medium,area: mean time: maximum within days time: mean over days
atmos.tas.tminavg-h2m-hxy-u.mon.glb,tasmin,tas,Amon.tasmin,mon,min,atmos,atmos,Amon,Daily Minimum Near-Surface Air Temperature,,DCPP_Essential;FireMIP_monthly;baseline_monthly;biodiv_land_monthly,Atmospheric dynamics and variability;Baseline Climate Variables for Earth System Modelling;Diagnosing temperature variability and extremes;Multi-annual-to-decadal predictability of the Earth System and risk assessment of climate extremes;Robust Risk Assessment of Tipping Points;Role of fire in the Earth system;Terrestrial Biodiversity,high;medium,area: mean time: minimum within days time: mean over days
atmos.tauu.tavg-u-hxy-u.mon.glb,tauu,tauu,Amon.tauu,mon,ave,atmos,atmos,Amon,Surface Downward Eastward Wind Stress,,DAMIP_monthly;DCPP_Wider;FireMIP_monthly;baseline_monthly,Atmospheric dynamics and variability;Baseline Climate Variables for Earth System Modelling;Detection and Attribution;Diagnosing temperature variability and extremes;Multi-annual-to-decadal predictability of the Earth System and risk assessment of climate extremes;Robust Risk Assessment of Tipping Points;Role of fire in the Earth system,high;medium,area: time: mean
atmos.tauv.tavg-u-hxy-u.mon.glb,tauv,tauv,Amon.tauv,mon,ave,atmos,atmos,Amon,Surface Downward Northward Wind Stress,,DAMIP_monthly;DCPP_Wider;FireMIP_monthly;baseline_monthly,Atmospheric dynamics and variability;Baseline Climate Variables for Earth System Modelling;Detection and Attribution;Diagnosing temperature variability and extremes;Multi-annual-to-decadal predictability of the Earth System and risk assessment of climate extremes;Robust Risk Assessment of Tipping Points;Role of fire in the Earth system,high;medium,area: time: mean
atmos.tdps.tavg-h2m-hxy-u.mon.glb,tdps,tdps,Emon.tdps,mon,ave,atmos,atmos,Emon,2m Dewpoint Temperature,,DCPP_Wider,Diagnosing temperature variability and extremes;Multi-annual-to-decadal predictability of the Earth System and risk assessment of climate extremes,high,area: time: mean
atmos.tntmp.tavg-p39-hy-air.mon.glb,tntmp,tntmp,EmonZ.tntmp,mon,ave,atmos,atmos,EmonZ,Zonal Mean Tendency of Air Temperature Due to Model Physics,,dynvar_basic,Atmospheric dynamics and variability,high,longitude: time: mean where air
atmos.tntrl.tavg-p39-hy-air.mon.glb,tntrl,tntrl,EmonZ.tntrl,mon,ave,atmos,atmos,EmonZ,Zonal Mean Tendency of Air Temperature Due to Longwave Radiative Heating,,dynvar_basic,Atmospheric dynamics and variability,high,longitude: time: mean where air
atmos.tntrs.tavg-p39-hy-air.mon.glb,tntrs,tntrs,EmonZ.tntrs,mon,ave,atmos,atmos,EmonZ,Zonal Mean Tendency of Air Temperature Due to Shortwave Radiative Heating,,dynvar_basic,Atmospheric dynamics and variability,high,longitude: time: mean where air
atmos.tntrs.tavg-al-hxy-u.mon.glb,tntrs,tntrs,AERmon.tntrs,mon,ave,atmos,atmos,AERmon,Tendency of Air Temperature Due to Shortwave Radiative Heating,,FireMIP_monthly,Role of fire in the Earth system,high,area: time: mean
atmos.ts.tavg-u-hxy-u.mon.glb,ts,ts,Amon.ts,mon,ave,atmos,atmos,Amon,Surface Temperature,,DAMIP_monthly;DCPP_Essential;FireMIP_monthly;baseline_monthly,Atmospheric dynamics and variability;Baseline Climate Variables for Earth System Modelling;Detection and Attribution;Diagnosing temperature variability and extremes;Multi-annual-to-decadal predictability of the Earth System and risk assessment of climate extremes;Robust Risk Assessment of Tipping Points;Role of fire in the Earth system,high;medium,area: time: mean
atmos.ua.tavg-p19-hxy-air.mon.glb,ua,ua,Amon.ua,mon,ave,atmos,atmos,Amon,Eastward Wind,,DAMIP_monthly;DCPP_Essential;FireMIP_monthly;baseline_monthly;dynvar_basic,Atmospheric dynamics and variability;Baseline Climate Variables for Earth System Modelling;Detection and Attribution;Diagnosing temperature variability and extremes;Multi-annual-to-decadal predictability of the Earth System and risk assessment of climate extremes;Robust Risk Assessment of Tipping Points;Role of fire in the Earth system,high;medium,area: time: mean where air
atmos.ua.tavg-p39-hy-air.mon.glb,ua,ua,AERmonZ.ua,mon,ave,atmos,atmos,AERmonZ,Eastward Wind,,DCPP_Wider;dynvar_basic,Atmospheric dynamics and variability;Diagnosing temperature variability and extremes;Multi-annual-to-decadal predictability of the Earth System and risk assessment of climate extremes,high,longitude: time: mean where air
atmos.uas.tavg-h10m-hxy-u.mon.glb,uas,uas,Amon.uas,mon,ave,atmos,atmos,Amon,Eastward Near-Surface Wind,,DAMIP_monthly;DCPP_Essential;baseline_monthly;dynvar_basic,Atmospheric dynamics and variability;Baseline Climate Variables for Earth System Modelling;Detection and Attribution;Diagnosing temperature variability and extremes;Multi-annual-to-decadal predictability of the Earth System and risk assessment of climate extremes;Robust Risk Assessment of Tipping Points,high;medium,area: time: mean
atmos.utendepfd.tavg-p39-hy-air.mon.glb,utendepfd,utendepfd,EmonZ.utendepfd,mon,ave,atmos,atmos,EmonZ,Tendency of Eastward Wind Due to Eliassen-Palm Flux Divergence,,DCPP_Wider;dynvar_basic,Atmospheric dynamics and variability;Diagnosing temperature variability and extremes;Multi-annual-to-decadal predictability of the Earth System and risk assessment of climate extremes,high,longitude: time: mean where air
atmos.utendnogw.tavg-p39-hy-air.mon.glb,utendnogw,utendnogw,EmonZ.utendnogw,mon,ave,atmos,atmos,EmonZ,Eastward Acceleration Due to Non-Orographic Gravity Wave Drag,,dynvar_basic,Atmospheric dynamics and variability,high,longitude: time: mean where air
atmos.utendogw.tavg-p39-hy-air.mon.glb,utendogw,utendogw,EmonZ.utendogw,mon,ave,atmos,atmos,EmonZ,Eastward Acceleration Due to Orographic Gravity Wave Drag,,dynvar_basic,Atmospheric dynamics and variability,high,longitude: time: mean where air
atmos.va.tavg-p19-hxy-air.mon.glb,va,va,Amon.va,mon,ave,atmos,atmos,Amon,Northward Wind,,DAMIP_monthly;DCPP_Essential;FireMIP_monthly;baseline_monthly;dynvar_basic,Atmospheric dynamics and variability;Baseline Climate Variables for Earth System Modelling;Detection and Attribution;Diagnosing temperature variability and extremes;Multi-annual-to-decadal predictability of the Earth System and risk assessment of climate extremes;Robust Risk Assessment of Tipping Points;Role of fire in the Earth system,high;medium,area: time: mean where air
atmos.vas.tavg-h10m-hxy-u.mon.glb,vas,vas,Amon.vas,mon,ave,atmos,atmos,Amon,Northward Near-Surface Wind,,DAMIP_monthly;DCPP_Essential;baseline_monthly;dynvar_basic,Atmospheric dynamics and variability;Baseline Climate Variables for Earth System Modelling;Detection and Attribution;Diagnosing temperature variability and extremes;Multi-annual-to-decadal predictability of the Earth System and risk assessment of climate extremes;Robust Risk Assessment of Tipping Points,high;medium,area: time: mean
atmos.vtem.tavg-p39-hy-air.mon.glb,vtem,vtem,EmonZ.vtem,mon,ave,atmos,atmos,EmonZ,Transformed Eulerian Mean Northward Wind,,DCPP_Wider;dynvar_basic,Atmospheric dynamics and variability;Diagnosing temperature variability and extremes;Multi-annual-to-decadal predictability of the Earth System and risk assessment of climate extremes,high,longitude: time: mean where air
atmos.wap.tavg-p19-hxy-air.mon.glb,wap,wap,Amon.wap,mon,ave,atmos,atmos,Amon,Omega (=dp/dt),,DAMIP_monthly;DCPP_Wider;baseline_monthly;dynvar_basic,Atmospheric dynamics and variability;Baseline Climate Variables for Earth System Modelling;Detection and Attribution;Diagnosing temperature variability and extremes;Multi-annual-to-decadal predictability of the Earth System and risk assessment of climate extremes;Robust Risk Assessment of Tipping Points,high;medium,area: time: mean where air
atmos.wsg.tmax-h100m-hxy-u.mon.glb,wsgmax100m,wsg,Emon.wsgmax100m,mon,max,atmos,atmos,Emon,Maximum Wind Speed of Gust at 100m,,impacts_energy_damaging_wind,Energy System Impacts,medium,area: mean time: maximum
atmos.wsg.tmax-h10m-hxy-u.mon.glb,wsgmax10m,wsg,Emon.wsgmax10m,mon,max,atmos,atmos,Emon,Maximum Wind Speed of Gust at 10m,,impacts_energy_damaging_wind,Energy System Impacts,medium,area: mean time: maximum
atmos.wtem.tavg-p39-hy-air.mon.glb,wtem,wtem,EmonZ.wtem,mon,ave,atmos,atmos,EmonZ,Transformed Eulerian Mean Upward Wind,,DCPP_Wider;dynvar_basic,Atmospheric dynamics and variability;Diagnosing temperature variability and extremes;Multi-annual-to-decadal predictability of the Earth System and risk assessment of climate extremes,high,longitude: time: mean where air
atmos.zg.tavg-p19-hxy-air.mon.glb,zg,zg,Amon.zg,mon,ave,atmos,atmos,Amon,Geopotential Height,,DAMIP_monthly;DCPP_Essential;FireMIP_monthly;baseline_monthly;dynvar_basic,Atmospheric dynamics and variability;Baseline Climate Variables for Earth System Modelling;Detection and Attribution;Diagnosing temperature variability and extremes;Multi-annual-to-decadal predictability of the Earth System and risk assessment of climate extremes;Robust Risk Assessment of Tipping Points;Role of fire in the Earth system,high;medium,area: time: mean where air
atmos.zg.tavg-p39-hy-air.mon.glb,zg,zg,AERmonZ.zg,mon,ave,atmos,atmos,AERmonZ,Geopotential Height,,dynvar_basic,Atmospheric dynamics and variability,high,longitude: time: mean where air
atmosChem.drynh3.tavg-u-hxy-u.day.glb,drynh3,drynh3,AERday.drynh3,day,ave,atmosChem,atmosChem aerosol,AERday,Dry Deposition Rate of NH3,,ISIMIP_deposition_variables,Bias-adjustment for impacts modeling and analysis,medium,area: time: mean
atmosChem.drynh4.tavg-u-hxy-u.day.glb,drynh4,drynh4,AERday.drynh4,day,ave,atmosChem,atmosChem aerosol,AERday,Dry Deposition Rate of NH4,,ISIMIP_deposition_variables,Bias-adjustment for impacts modeling and analysis,medium,area: time: mean
atmosChem.drynoy.tavg-u-hxy-u.day.glb,drynoy,drynoy,AERday.drynoy,day,ave,atmosChem,atmosChem aerosol,AERday,Dry Deposition Rate of NOy,,ISIMIP_deposition_variables,Bias-adjustment for impacts modeling and analysis,medium,area: time: mean
atmosChem.flashrate.tavg-u-hxy-u.day.glb,flashrate,flashrate,Eday.flashrate,day,ave,atmosChem,atmosChem,Eday,Lightning Flash Rate,,biodiv_land_daily_advanced,Terrestrial Biodiversity,high,area: time: mean
atmosChem.wetnh3.tavg-u-hxy-u.day.glb,wetnh3,wetnh3,AERday.wetnh3,day,ave,atmosChem,atmosChem aerosol,AERday,Wet Deposition Rate of NH3,,ISIMIP_deposition_variables,Bias-adjustment for impacts modeling and analysis,medium,area: time: mean
atmosChem.wetnh4.tavg-u-hxy-u.day.glb,wetnh4,wetnh4,AERday.wetnh4,day,ave,atmosChem,atmosChem aerosol,AERday,Wet Deposition Rate of NH4,,ISIMIP_deposition_variables,Bias-adjustment for impacts modeling and analysis,medium,area: time: mean
atmosChem.wetnoy.tavg-u-hxy-u.day.glb,wetnoy,wetnoy,AERday.wetnoy,day,ave,atmosChem,atmosChem aerosol,AERday,Wet Deposition Rate of NOy Including Aerosol Nitrate,,ISIMIP_deposition_variables,Bias-adjustment for impacts modeling and analysis,medium,area: time: mean
atmosChem.cfc113.tavg-u-hm-air.mon.glb,cfc113global,cfc113,Amon.cfc113global,mon,ave,atmosChem,atmosChem,Amon,Global Mean Mole Fraction of CFC113,,dynamical_downscaling_core,Dynamical Downscaling (CORDEX),high,height: area: time: mean (with all samples weighted by the number of moles of air in the sample)
atmosChem.cfc11.tavg-u-hm-air.mon.glb,cfc11global,cfc11,Amon.cfc11global,mon,ave,atmosChem,atmosChem,Amon,Global Mean Mole Fraction of CFC11,,dynamical_downscaling_core,Dynamical Downscaling (CORDEX),high,height: area: time: mean (with all samples weighted by the number of moles of air in the sample)
atmosChem.cfc12.tavg-u-hm-air.mon.glb,cfc12global,cfc12,Amon.cfc12global,mon,ave,atmosChem,atmosChem,Amon,Global Mean Mole Fraction of CFC12,,dynamical_downscaling_core,Dynamical Downscaling (CORDEX),high,height: area: time: mean (with all samples weighted by the number of moles of air in the sample)
atmosChem.ch4.tavg-al-hxy-u.mon.glb,ch4,ch4,AERmon.ch4,mon,ave,atmosChem,atmosChem aerosol,AERmon,Mole Fraction of CH4,,dynamical_downscaling_core,Dynamical Downscaling (CORDEX),high,area: time: mean
atmosChem.ch4losssoil.tavg-u-hxy-u.mon.glb,ch4losssoil,ch4losssoil,AERmon.ch4losssoil,mon,ave,atmosChem,atmosChem aerosol,AERmon,loss of methane from the atmosphere due to biological consumption in the soil,,land_ch4_fluxes,Benchmarking and Attributing Changes to Global Carbon and other Biogeochemical Cycles,high,area: time: mean
atmosChem.drynoy.tavg-u-hxy-u.mon.glb,drynoy,drynoy,AERmon.drynoy,mon,ave,atmosChem,atmosChem aerosol,AERmon,Dry Deposition Rate of NOy,,dynamical_downscaling_ocean_air_sea_biogeochemistry_forcing,Dynamical Downscaling (CORDEX),high,area: time: mean
atmosChem.emiach4.tavg-u-hxy-u.mon.glb,emiach4,emiach4,AERmon.emiach4,mon,ave,atmosChem,atmosChem aerosol,AERmon,anthropogenic emission rate of CH4,,land_ch4_fluxes,Benchmarking and Attributing Changes to Global Carbon and other Biogeochemical Cycles,high,area: time: mean
atmosChem.emich4.tavg-u-hxy-u.mon.glb,emich4,emich4,AERmon.emich4,mon,ave,atmosChem,atmosChem aerosol,AERmon,total emission rate of CH4,,land_ch4_fluxes,Benchmarking and Attributing Changes to Global Carbon and other Biogeochemical Cycles,high,area: time: mean
atmosChem.emilkch4.tavg-u-hxy-u.mon.glb,emilkch4,emilkch4,AERmon.emilkch4,mon,ave,atmosChem,atmosChem aerosol,AERmon,lake emission rate of CH4,,land_ch4_fluxes,Benchmarking and Attributing Changes to Global Carbon and other Biogeochemical Cycles,high,area: time: mean
atmosChem.flashrate.tavg-u-hxy-u.mon.glb,flashrate,flashrate,Emon.flashrate,mon,ave,atmosChem,atmosChem,Emon,Lightning Flash Rate,,impact_energy_damaging_other,Energy System Impacts,medium,area: time: mean
atmosChem.hcfc22.tavg-u-hm-air.mon.glb,hcfc22global,hcfc22,Amon.hcfc22global,mon,ave,atmosChem,atmosChem,Amon,Global Mean Mole Fraction of HCFC22,,dynamical_downscaling_core,Dynamical Downscaling (CORDEX),high,height: area: time: mean (with all samples weighted by the number of moles of air in the sample)
atmosChem.meanage.tavg-p39-hy-air.mon.glb,meanage,meanage,AERmonZ.meanage,mon,ave,atmosChem,atmosChem aerosol,AERmonZ,Mean Age of Stratospheric Air,,dynvar_basic,Atmospheric dynamics and variability,high,longitude: time: mean where air
atmosChem.n2o.tavg-al-hxy-u.mon.glb,n2o,n2o,AERmon.n2o,mon,ave,atmosChem,atmosChem,AERmon,Mole Fraction of N2O,,dynamical_downscaling_aerosols_chemistry;dynamical_downscaling_core,Dynamical Downscaling (CORDEX),high,area: time: mean
atmosChem.o3.tavg-al-hxy-u.mon.glb,o3,o3,AERmon.o3,mon,ave,atmosChem,atmosChem,AERmon,Mole Fraction of O3,,dynamical_downscaling_aerosols_chemistry;dynamical_downscaling_core,Dynamical Downscaling (CORDEX),high,area: time: mean
atmosChem.o3ste.tavg-al-hxy-u.mon.glb,o3ste,o3ste,AERmon.o3ste,mon,ave,atmosChem,atmosChem,AERmon,Stratospheric Ozone Tracer Volume Mixing Ratio,,DAMIP_monthly,Detection and Attribution,high,area: time: mean
atmosChem.tropo3ste.tavg-al-hxy-u.mon.glb,tropo3ste,tropo3ste,AERmon.tropo3ste,mon,ave,atmosChem,atmosChem aerosol,AERmon,Tropospheric ozone volume mixing ratio due to stratosphere-troposphere exchange (STE),,DAMIP_monthly,Detection and Attribution,high,area: time: mean
atmosChem.wetnoy.tavg-u-hxy-u.mon.glb,wetnoy,wetnoy,AERmon.wetnoy,mon,ave,atmosChem,atmosChem aerosol,AERmon,Wet Deposition Rate of NOy Including Aerosol Nitrate,,dynamical_downscaling_ocean_air_sea_biogeochemistry_forcing,Dynamical Downscaling (CORDEX),high,area: time: mean
land.evspsblsoi.tavg-u-hxy-u.3hr.glb,evspsblsoi,evspsblsoi,3hr.evspsblsoi,3hr,ave,land,land,3hr,Water Evaporation from Soil,,landatm_coupling_3hr_medium,Accurate assessment of land-atmosphere coupling,medium,area: time: mean
land.evspsblveg.tavg-u-hxy-u.3hr.glb,evspsblveg,evspsblveg,3hr.evspsblveg,3hr,ave,land,land,3hr,Water evaporation from canopy,,landatm_coupling_3hr_medium,Accurate assessment of land-atmosphere coupling,medium,area: time: mean
land.hfdsl.tavg-u-hxy-lnd.3hr.glb,hfdsl,hfdsl,3hr.hfdsl,3hr,ave,land,land,3hr,Ground heat flux at 3hr,,landatm_coupling_3hr_medium,Accurate assessment of land-atmosphere coupling,medium,area: mean where land time: mean
land.mrro.tavg-u-hxy-lnd.3hr.glb,mrro,mrro,3hr.mrro,3hr,ave,land,land,3hr,Total Runoff,,WaterResources_subdaily;hydrology,"Assessments for Hydrological Processes, Water Resources, and Freshwater Systems;Water cycle/budget assessment",high,area: mean where land time: mean
land.mrros.tavg-u-hxy-lnd.3hr.glb,mrros,mrros,3hr.mrros,3hr,ave,land,land,3hr,Surface Runoff,,WaterResources_subdaily,"Assessments for Hydrological Processes, Water Resources, and Freshwater Systems;Water cycle/budget assessment",high,area: mean where land time: mean
land.mrsol.tavg-d100cm-hxy-lnd.3hr.glb,mrso100,mrsol,3hr.mrso100,3hr,ave,land,land,3hr,Soil moisture in the top 1 m of the soil column,,landatm_coupling_3hr_medium,Accurate assessment of land-atmosphere coupling,medium,area: mean where land time: mean
land.mrsol.tpt-d10cm-hxy-lnd.3hr.glb,mrsos,mrsol,3hr.mrsos,3hr,inst,land,land,3hr,Moisture in Upper Portion of Soil Column,,WaterResources_subdaily;landatm_coupling_3hA,"Accurate assessment of land-atmosphere coupling;Assessments for Hydrological Processes, Water Resources, and Freshwater Systems;Water cycle/budget assessment",high;medium,area: mean where land time: point
land.srfrad.tavg-u-hxy-u.3hr.glb,srfrad,srfrad,3hr.srfrad,3hr,ave,land,land,3hr,Net radiative flux at surface,,landatm_coupling_3hA,Accurate assessment of land-atmosphere coupling,medium,area: time: mean
land.tran.tavg-u-hxy-u.3hr.glb,tran,tran,3hr.tran,3hr,ave,land,land,3hr,Transpiration,,landatm_coupling_3hr_medium,Accurate assessment of land-atmosphere coupling,medium,area: time: mean
land.tslsi.tpt-u-hxy-lsi.3hr.glb,tslsi,tslsi,3hr.tslsi,3hr,inst,land,land seaIce,3hr,Surface Temperature Where Land or Sea Ice,,landatm_coupling_3hA,Accurate assessment of land-atmosphere coupling,medium,area: mean (over land and sea ice) time: point
land.dgw.tavg-u-hxy-lnd.day.glb,dgw,dgw,Eday.dgw,day,ave,land,land,Eday,Change in Groundwater,,hydrology,"Assessments for Hydrological Processes, Water Resources, and Freshwater Systems",high,area: mean where land time: mean
land.drivw.tavg-u-hxy-lnd.day.glb,drivw,drivw,Eday.drivw,day,ave,land,land,Eday,Change in River Storage,,hydrology,"Assessments for Hydrological Processes, Water Resources, and Freshwater Systems",high,area: mean where land time: mean
land.dsn.tavg-u-hxy-lnd.day.glb,dsn,dsn,Eday.dsn,day,ave,land,land,Eday,Change in Snow Water Equivalent,,snow_allfreq,"Assessments for Hydrological Processes, Water Resources, and Freshwater Systems",high,area: mean where land time: mean
land.dsw.tavg-u-hxy-lnd.day.glb,dsw,dsw,Eday.dsw,day,ave,land,land,Eday,Change in Surface Water Storage,,hydrology,"Assessments for Hydrological Processes, Water Resources, and Freshwater Systems",high,area: mean where land time: mean
land.esn.tavg-u-hxy-lnd.day.glb,esn,esn,Eday.esn,day,ave,land,land,Eday,Snow Evaporation,,snow_allfreq,"Assessments for Hydrological Processes, Water Resources, and Freshwater Systems",high,area: mean where snow (on land only) time: mean
land.evspsblpot.tavg-u-hxy-lnd.day.glb,evspsblpot,evspsblpot,Eday.evspsblpot,day,ave,land,land,Eday,Potential Evapotranspiration,,AgWaterCore;AgWaterExt;WaterResources_daily;biodiv_land_daily;hydro_modelling_daily;hydro_modelling_subdaily;temperature_variability_daily_highpriority,"Agriculture and Food System Impacts;Assessments for Hydrological Processes, Water Resources, and Freshwater Systems;Diagnosing temperature variability and extremes;Terrestrial Biodiversity;Vulnerability of urban systems, infrastructure and populations;Water Security and Freshwater Ecosystem Services;Water cycle/budget assessment",high,area: mean where land time: mean
land.evspsblsoi.tavg-u-hxy-u.day.glb,evspsblsoi,evspsblsoi,Eday.evspsblsoi,day,ave,land,land,Eday,Water Evaporation from Soil,,temperature_variability_daily_highpriority,Diagnosing temperature variability and extremes,high,area: time: mean
land.evspsblveg.tavg-u-hxy-u.day.glb,evspsblveg,evspsblveg,Eday.evspsblveg,day,ave,land,land,Eday,Water evaporation from canopy,,temperature_variability_daily_highpriority,Diagnosing temperature variability and extremes,high,area: time: mean
land.gppVgt.tavg-u-hxy-multi.day.glb,gppVgt,gppVgt,Eday.gppVgt,day,ave,land,land,Eday,Gross Primary Production on Vegetation type as Carbon Mass Flux [kgC m-2 s-1],,plant_phenology_high,Plant Phenology,high,area: time: mean where sector
land.irrDem.tavg-u-hxy-u.day.glb,irrDem,irrDem,day.irrDem,day,ave,land,land,day,irrigation water demand,,AgWaterExt,Agriculture and Food System Impacts;Water Security and Freshwater Ecosystem Services,high,area: time: mean
land.irrGw.tavg-u-hxy-u.day.glb,irrGw,irrGw,day.irrGw,day,ave,land,land,day,irrigation water withdrawal from groundwater,,AgWaterExt,Agriculture and Food System Impacts;Water Security and Freshwater Ecosystem Services,high,area: time: mean
land.irrLut.tavg-u-hxy-u.day.glb,irrLut,irrLut,day.irrLut,day,ave,land,land,day,irrigation water withdrawal,,AgWaterExt,Agriculture and Food System Impacts;Water Security and Freshwater Ecosystem Services,high,area: time: mean
land.irrSurf.tavg-u-hxy-u.day.glb,irrSurf,irrSurf,day.irrSurf,day,ave,land,land,day,irrigation water withdrawal from surface water,,AgWaterExt,Agriculture and Food System Impacts;Water Security and Freshwater Ecosystem Services,high,area: time: mean
land.laiVgt.tavg-u-hxy-multi.day.glb,laiVgt,laiVgt,Eday.laiVgt,day,ave,land,land,Eday,Leaf Area Index on Vegetation type,,plant_phenology_high,Plant Phenology,high,area: time: mean where sector
land.mrro.tavg-u-hxy-lnd.day.glb,mrro,mrro,day.mrro,day,ave,land,land,day,Total Runoff,,HealthFloodingDaily;WaterResources_daily;biodiv_land_daily;hydrology,"Assessments for Hydrological Processes, Water Resources, and Freshwater Systems;Health Impacts;Terrestrial Biodiversity;Vulnerability of urban systems, infrastructure and populations;Water cycle/budget assessment",high;medium,area: mean where land time: mean
land.mrrob.tavg-u-hxy-lnd.day.glb,mrrob,mrrob,Eday.mrrob,day,ave,land,land,Eday,Subsurface Runoff,,WaterResources_daily;hydrology;impact_energy_hydropower,"Assessments for Hydrological Processes, Water Resources, and Freshwater Systems;Energy System Impacts;Vulnerability of urban systems, infrastructure and populations;Water cycle/budget assessment",high;medium,area: mean where land time: mean
land.mrros.tavg-u-hxy-lnd.day.glb,mrros,mrros,Eday.mrros,day,ave,land,land,Eday,Surface Runoff,,DAMIP_daily;HealthFloodingDaily;WaterResources_daily;hydrology;impact_energy_hydropower,"Assessments for Hydrological Processes, Water Resources, and Freshwater Systems;Detection and Attribution;Energy System Impacts;Health Impacts;Vulnerability of urban systems, infrastructure and populations;Water cycle/budget assessment",high;medium,area: mean where land time: mean
land.mrsfl.tavg-sl-hxy-lnd.day.glb,mrsfl,mrsfl,Eday.mrsfl,day,ave,land,land,Eday,Frozen Water Content of Soil Layer,,hydrology,"Assessments for Hydrological Processes, Water Resources, and Freshwater Systems",high,area: mean where land time: mean
land.mrsll.tavg-sl-hxy-lnd.day.glb,mrsll,mrsll,Eday.mrsll,day,ave,land,land,Eday,Liquid Water Content of Soil Layer,,hydrology,"Assessments for Hydrological Processes, Water Resources, and Freshwater Systems",high,area: mean where land time: mean
land.mrso.tavg-u-hxy-lnd.day.glb,mrso,mrso,day.mrso,day,ave,land,land,day,Total Soil Moisture Content,,AgWaterExt;DCPP_Wider;HealthFloodingDaily;WaterResources_daily;biodiv_land_daily;impact_energy_building_demand,"Agriculture and Food System Impacts;Assessments for Hydrological Processes, Water Resources, and Freshwater Systems;Diagnosing temperature variability and extremes;Energy System Impacts;Health Impacts;Multi-annual-to-decadal predictability of the Earth System and risk assessment of climate extremes;Terrestrial Biodiversity;Vulnerability of urban systems, infrastructure and populations;Water Security and Freshwater Ecosystem Services;Water cycle/budget assessment",high;medium,area: mean where land time: mean
land.mrsol.tavg-sl-hxy-lnd.day.glb,mrsol,mrsol,Eday.mrsol,day,ave,land,land,Eday,Total Water Content of Soil Layer,,biodiv_land_daily,Terrestrial Biodiversity,high,area: mean where land time: mean
land.mrsol.tavg-d10cm-hxy-lnd.day.glb,mrsos,mrsol,day.mrsos,day,ave,land,land,day,Moisture in Upper Portion of Soil Column,,HealthFloodingDaily;WaterResources_daily;biodiv_land_daily;hydrology;temperature_variability_daily_highpriority,"Assessments for Hydrological Processes, Water Resources, and Freshwater Systems;Diagnosing temperature variability and extremes;Health Impacts;Terrestrial Biodiversity;Vulnerability of urban systems, infrastructure and populations;Water cycle/budget assessment",high;medium,area: mean where land time: mean
land.mrtws.tavg-u-hxy-lnd.day.glb,mrtws,mrtws,Eday.mrtws,day,ave,land,land,Eday,Terrestrial Water Storage,,hydrology,"Assessments for Hydrological Processes, Water Resources, and Freshwater Systems",high,area: mean where land time: mean
land.nppVgt.tavg-u-hxy-multi.day.glb,nppVgt,nppVgt,Eday.nppVgt,day,ave,land,land,Eday,Net Primary Production on Vegetation type as Carbon Mass Flux [kgC m-2 s-1],,plant_phenology_medium,Plant Phenology,high,area: time: mean where sector
land.qgwr.tavg-u-hxy-lnd.day.glb,qgwr,qgwr,Eday.qgwr,day,ave,land,land,Eday,Groundwater Recharge from Soil Layer,,hydrology,"Assessments for Hydrological Processes, Water Resources, and Freshwater Systems",high,area: mean where land time: mean
land.raVgt.tavg-u-hxy-multi.day.glb,raVgt,raVgt,Eday.raVgt,day,ave,land,land,Eday,Autotrophic Respiration on Vegetation type as Carbon Mass Flux [kgC m-2 s-1],,plant_phenology_medium,Plant Phenology,high,area: time: mean where sector
land.rhVgt.tavg-u-hxy-multi.day.glb,rhVgt,rhVgt,Eday.rhVgt,day,ave,land,land,Eday,Heterotrophic Respiration on Vegetation type as Carbon Mass Flux [kgC m-2 s-1],,plant_phenology_medium,Plant Phenology,high,area: time: mean where sector
land.rivo.tavg-u-hxy-lnd.day.glb,rivo,rivo,Eday.rivo,day,ave,land,land,Eday,River Discharge,,hydrology,"Assessments for Hydrological Processes, Water Resources, and Freshwater Systems",high,area: mean where land time: mean
land.rzwc.tavg-u-hxy-lnd.day.glb,rzwc,rzwc,Eday.rzwc,day,ave,land,land,Eday,Root Zone Soil Moisture,,AgWaterExt,Agriculture and Food System Impacts;Water Security and Freshwater Ecosystem Services,high,area: mean where land time: mean
land.sw.tavg-u-hxy-lnd.day.glb,sw,sw,Eday.sw,day,ave,land,land,Eday,Surface Water Storage,,hydrology,"Assessments for Hydrological Processes, Water Resources, and Freshwater Systems",high,area: mean where land time: mean
land.tsl.tavg-sl-hxy-lnd.day.glb,tsl,tsl,Eday.tsl,day,ave,land,land,Eday,Temperature of Soil,,impact_energy_building_demand,Energy System Impacts,medium,area: mean where land time: mean
land.wtd.tavg-u-hxy-lnd.day.glb,wtd,wtd,Eday.wtd,day,ave,land,land,Eday,Water Table Depth,,hydrology,"Assessments for Hydrological Processes, Water Resources, and Freshwater Systems",high,area: mean where land time: mean
land.depthl.ti-u-hxy-u.fx.glb,depthl,depthl,fx.depthl,fx,unknown,land,land,fx,Depth of Lake Below the Surface,,hydrology,"Assessments for Hydrological Processes, Water Resources, and Freshwater Systems",high,area: mean
land.mrsofc.ti-u-hxy-lnd.fx.glb,mrsofc,mrsofc,fx.mrsofc,fx,unknown,land,land,fx,Capacity of Soil to Store Water (Field Capacity),,AgWaterExt;HealthFloodingDaily;baseline_fixed;hydrology,"Agriculture and Food System Impacts;Assessments for Hydrological Processes, Water Resources, and Freshwater Systems;Atmospheric dynamics and variability;Baseline Climate Variables for Earth System Modelling;Health Impacts;Robust Risk Assessment of Tipping Points;Water Security and Freshwater Ecosystem Services",high;medium,area: mean where land
land.orog.ti-u-hxy-u.fx.glb,orog,orog,fx.orog,fx,unknown,land,land,fx,Surface Altitude,,CHELSA_land_daily;baseline_fixed;dynamical_downscaling_core,Atmospheric dynamics and variability;Baseline Climate Variables for Earth System Modelling;Bias-adjustment for impacts modeling and analysis;Dynamical Downscaling (CORDEX);Robust Risk Assessment of Tipping Points,high;medium,area: mean
land.orog.ti-u-hxy-u.fx.30S-90S,orogSouth30,orog,fx.orogSouth30,fx,unknown,land,land,fx,Surface Altitude,,biodiv_microclim_hourly,Terrestrial Biodiversity,high,area: mean
land.rootd.ti-u-hxy-lnd.fx.glb,rootd,rootd,fx.rootd,fx,unknown,land,land,fx,Maximum Root Depth,,baseline_fixed,Atmospheric dynamics and variability;Baseline Climate Variables for Earth System Modelling;Robust Risk Assessment of Tipping Points,high;medium,area: mean where land
land.sftgif.ti-u-hxy-u.fx.glb,sftgif,sftgif,fx.sftgif,fx,unknown,land,land,fx,Land Ice Area Percentage,,baseline_fixed;hydrology,"Assessments for Hydrological Processes, Water Resources, and Freshwater Systems;Atmospheric dynamics and variability;Baseline Climate Variables for Earth System Modelling;Robust Risk Assessment of Tipping Points",high;medium,area: mean
land.sftlaf.ti-u-hxy-u.fx.glb,sftlaf,sftlaf,fx.sftlaf,fx,unknown,land,land,fx,Fraction of the Grid Cell Occupied by Lake,,hydrology,"Assessments for Hydrological Processes, Water Resources, and Freshwater Systems",high,area: mean
land.slthick.ti-sl-hxy-lnd.fx.glb,slthick,slthick,Efx.slthick,fx,unknown,land,land,Efx,Thickness of Soil Layers,,baseline_fixed,Atmospheric dynamics and variability;Baseline Climate Variables for Earth System Modelling;Robust Risk Assessment of Tipping Points,high;medium,area: mean where land
land.albc.tavg-u-hxy-veg.mon.glb,albc,albc,Emon.albc,mon,ave,land,land,Emon,Canopy Albedo,tier1,land_benchmarking_and_landcover_variables_tier1,Benchmarking and Attributing Changes to Global Carbon and other Biogeochemical Cycles,high,area: time: mean where vegetation (weighted by canopy area and by downwelling shortwave radiation at the surface)
land.baresoilFrac.tavg-u-hxy-u.mon.glb,baresoilFrac,baresoilFrac,Lmon.baresoilFrac,mon,ave,land,land,Lmon,Bare Soil Percentage Area Coverage,tier1,FireMIP_monthly;land_benchmarking_and_landcover_variables_tier1,Benchmarking and Attributing Changes to Global Carbon and other Biogeochemical Cycles;Role of fire in the Earth system,high,area: time: mean
land.burntFractionAll.tavg-u-hxy-u.mon.glb,burntFractionAll,burntFractionAll,Lmon.burntFractionAll,mon,ave,land,land,Lmon,Percentage of Entire Grid Cell That Is Covered by Burnt Vegetation (All Classes),tier1,FireMIP_monthly;land_benchmarking_and_landcover_variables_tier1,Benchmarking and Attributing Changes to Global Carbon and other Biogeochemical Cycles;Role of fire in the Earth system,high,area: time: mean
land.cGeologicStorage.tavg-u-hxy-u.mon.glb,cGeologicStorage,cGeologicStorage,Lmon.cGeologicStorage,mon,ave,land,land,Lmon,Carbon Mass in Geologic Storage,tier1,land_carbon_cycle_tier1,Benchmarking and Attributing Changes to Global Carbon and other Biogeochemical Cycles;Constructing a Global Carbon Budget,high,area: time: mean
land.cLand.tavg-u-hxy-lnd.mon.glb,cLand,cLand,Emon.cLand,mon,ave,land,land,Emon,Total Carbon in All Terrestrial Carbon Pools,tier1,DCPP_Wider;FireMIP_monthly;land_carbon_cycle_tier1,Benchmarking and Attributing Changes to Global Carbon and other Biogeochemical Cycles;Constructing a Global Carbon Budget;Diagnosing temperature variability and extremes;Multi-annual-to-decadal predictability of the Earth System and risk assessment of climate extremes;Role of fire in the Earth system,high,area: mean where land time: mean
land.cLeaf.tavg-u-hxy-lnd.mon.glb,cLeaf,cLeaf,Lmon.cLeaf,mon,ave,land,land,Lmon,Carbon Mass in Leaves,tier2,FireMIP_monthly;land_carbon_cycle_tier2,Benchmarking and Attributing Changes to Global Carbon and other Biogeochemical Cycles;Constructing a Global Carbon Budget;Role of fire in the Earth system,high,area: mean where land time: mean
land.cLitter.tavg-u-hxy-lnd.mon.glb,cLitter,cLitter,Lmon.cLitter,mon,ave,land,land,Lmon,Carbon Mass in Litter Pool,tier1,DCPP_Wider;FireMIP_monthly;land_carbon_cycle_tier1,Benchmarking and Attributing Changes to Global Carbon and other Biogeochemical Cycles;Constructing a Global Carbon Budget;Diagnosing temperature variability and extremes;Multi-annual-to-decadal predictability of the Earth System and risk assessment of climate extremes;Role of fire in the Earth system,high,area: mean where land time: mean
land.cLitterCwd.tavg-u-hxy-lnd.mon.glb,cLitterCwd,cLitterCwd,Emon.cLitterCwd,mon,ave,land,land,Emon,Carbon Mass in Coarse Woody Debris,tier2,land_carbon_cycle_tier2,Benchmarking and Attributing Changes to Global Carbon and other Biogeochemical Cycles;Constructing a Global Carbon Budget,high,area: mean where land time: mean
land.cLitterSubSurf.tavg-u-hxy-lnd.mon.glb,cLitterSubSurf,cLitterSubSurf,Emon.cLitterSubSurf,mon,ave,land,land,Emon,Carbon Mass in Below-Ground Litter,tier2,land_carbon_cycle_tier2,Benchmarking and Attributing Changes to Global Carbon and other Biogeochemical Cycles;Constructing a Global Carbon Budget,high,area: mean where land time: mean
land.cLitterSurf.tavg-u-hxy-lnd.mon.glb,cLitterSurf,cLitterSurf,Emon.cLitterSurf,mon,ave,land,land,Emon,Carbon Mass in Above-Ground Litter,tier2,land_carbon_cycle_tier2,Benchmarking and Attributing Changes to Global Carbon and other Biogeochemical Cycles;Constructing a Global Carbon Budget,high,area: mean where land time: mean
land.cOther.tavg-u-hxy-lnd.mon.glb,cOther,cOther,Emon.cOther,mon,ave,land,land,Emon,"Carbon Mass in Vegetation Components Other than Leaves, Stems and Roots",tier2,land_carbon_cycle_tier2,Benchmarking and Attributing Changes to Global Carbon and other Biogeochemical Cycles;Constructing a Global Carbon Budget,high,area: mean where land time: mean
land.cProduct.tavg-u-hxy-lnd.mon.glb,cProduct,cProduct,Lmon.cProduct,mon,ave,land,land,Lmon,Carbon Mass in Products of Land-Use Change,tier1,DCPP_Wider;FireMIP_monthly;land_carbon_cycle_tier1,Benchmarking and Attributing Changes to Global Carbon and other Biogeochemical Cycles;Constructing a Global Carbon Budget;Diagnosing temperature variability and extremes;Multi-annual-to-decadal predictability of the Earth System and risk assessment of climate extremes;Role of fire in the Earth system,high,area: mean where land time: mean
land.cRoot.tavg-u-hxy-lnd.mon.glb,cRoot,cRoot,Lmon.cRoot,mon,ave,land,land,Lmon,Carbon Mass in Roots,tier2,FireMIP_monthly;land_carbon_cycle_tier2,Benchmarking and Attributing Changes to Global Carbon and other Biogeochemical Cycles;Constructing a Global Carbon Budget;Role of fire in the Earth system,high,area: mean where land time: mean
land.cSoil.tavg-u-hxy-lnd.mon.glb,cSoil,cSoil,Emon.cSoil,mon,ave,land,land,Emon,Carbon Mass in Model Soil Pool,tier1,DCPP_Wider;FireMIP_monthly;land_carbon_cycle_tier1,Benchmarking and Attributing Changes to Global Carbon and other Biogeochemical Cycles;Constructing a Global Carbon Budget;Diagnosing temperature variability and extremes;Multi-annual-to-decadal predictability of the Earth System and risk assessment of climate extremes;Role of fire in the Earth system,high,area: mean where land time: mean
land.cSoil.tavg-d100cm-hxy-lnd.mon.glb,cSoilAbove1m,cSoil,Emon.cSoilAbove1m,mon,ave,land,land,Emon,Carbon Mass in Soil Pool Above 1m Depth,tier1,land_carbon_cycle_tier1,Benchmarking and Attributing Changes to Global Carbon and other Biogeochemical Cycles;Constructing a Global Carbon Budget,high,area: mean where land time: mean
land.cSoil.tavg-sl-hxy-lnd.mon.glb,cSoilLevels,cSoil,Emon.cSoilLevels,mon,ave,land,land,Emon,Carbon Mass in Each Model Soil Level (Summed over All Soil Carbon Pools in That Level),tier2,land_carbon_cycle_tier2,Benchmarking and Attributing Changes to Global Carbon and other Biogeochemical Cycles;Constructing a Global Carbon Budget,high,area: mean where land time: mean
land.cSoilPools.tavg-u-hxy-lnd.mon.glb,cSoilPools,cSoilPools,Emon.cSoilPools,mon,ave,land,land,Emon,Carbon Mass in Each Model Soil Pool (Summed over Vertical Levels),tier2,land_carbon_cycle_tier2,Benchmarking and Attributing Changes to Global Carbon and other Biogeochemical Cycles;Constructing a Global Carbon Budget,high,area: mean where land time: mean
land.cStem.tavg-u-hxy-lnd.mon.glb,cStem,cStem,Emon.cStem,mon,ave,land,land,Emon,Carbon Mass in Stem,tier2,FireMIP_monthly;land_carbon_cycle_tier2,Benchmarking and Attributing Changes to Global Carbon and other Biogeochemical Cycles;Constructing a Global Carbon Budget;Role of fire in the Earth system,high,area: mean where land time: mean
land.cVeg.tavg-u-hxy-lnd.mon.glb,cVeg,cVeg,Lmon.cVeg,mon,ave,land,land,Lmon,Carbon Mass in Vegetation,tier1,DCPP_Wider;FireMIP_monthly;land_carbon_cycle_tier1,Benchmarking and Attributing Changes to Global Carbon and other Biogeochemical Cycles;Constructing a Global Carbon Budget;Diagnosing temperature variability and extremes;Multi-annual-to-decadal predictability of the Earth System and risk assessment of climate extremes;Role of fire in the Earth system,high,area: mean where land time: mean
land.cVeg.tavg-u-hxy-ng.mon.glb,cVegGrass,cVeg,Emon.cVegGrass,mon,ave,land,land,Emon,Carbon Mass in Vegetation on Grass Tiles,tier2,land_carbon_cycle_tier2,Benchmarking and Attributing Changes to Global Carbon and other Biogeochemical Cycles;Constructing a Global Carbon Budget,high,area: time: mean where natural_grasses (mask=grassFrac)
land.cVeg.tavg-u-hxy-shb.mon.glb,cVegShrub,cVeg,Emon.cVegShrub,mon,ave,land,land,Emon,Carbon Mass in Vegetation on Shrub Tiles,tier2,land_carbon_cycle_tier2,Benchmarking and Attributing Changes to Global Carbon and other Biogeochemical Cycles;Constructing a Global Carbon Budget,high,area: time: mean where shrubs (mask=shrubFrac)
land.cVeg.tavg-u-hxy-tree.mon.glb,cVegTree,cVeg,Emon.cVegTree,mon,ave,land,land,Emon,Carbon Mass in Vegetation on Tree Tiles,tier2,land_carbon_cycle_tier2,Benchmarking and Attributing Changes to Global Carbon and other Biogeochemical Cycles;Constructing a Global Carbon Budget,high,area: time: mean where trees (mask=treeFrac)
land.cnc.tavg-u-hxy-u.mon.glb,cnc,cnc,Emon.cnc,mon,ave,land,land,Emon,Canopy Covered Area Percentage,tier1,land_benchmarking_and_landcover_variables_tier1,Benchmarking and Attributing Changes to Global Carbon and other Biogeochemical Cycles,high,area: time: mean
land.cropFrac.tavg-u-hxy-u.mon.glb,cropFrac,cropFrac,Lmon.cropFrac,mon,ave,land,land,Lmon,Percentage Crop Cover,tier1,FireMIP_monthly;land_benchmarking_and_landcover_variables_tier1,Benchmarking and Attributing Changes to Global Carbon and other Biogeochemical Cycles;Role of fire in the Earth system,high,area: time: mean
land.cropFracC3.tavg-u-hxy-u.mon.glb,cropFracC3,cropFracC3,Emon.cropFracC3,mon,ave,land,land,Emon,Percentage Cover by C3 Crops,tier2,land_benchmarking_and_landcover_variables_tier2,Benchmarking and Attributing Changes to Global Carbon and other Biogeochemical Cycles,high,area: time: mean
land.cropFracC4.tavg-u-hxy-u.mon.glb,cropFracC4,cropFracC4,Emon.cropFracC4,mon,ave,land,land,Emon,Percentage Cover by C4 Crops,tier2,land_benchmarking_and_landcover_variables_tier2,Benchmarking and Attributing Changes to Global Carbon and other Biogeochemical Cycles,high,area: time: mean
land.evspsblpot.tavg-u-hxy-lnd.mon.glb,evspsblpot,evspsblpot,Emon.evspsblpot,mon,ave,land,land,Emon,Potential Evapotranspiration,,WaterResources_monthly;biodiv_land_monthly,"Assessments for Hydrological Processes, Water Resources, and Freshwater Systems;Terrestrial Biodiversity",high,area: mean where land time: mean
land.evspsblsoi.tavg-u-hxy-lnd.mon.glb,evspsblsoi,evspsblsoi,Lmon.evspsblsoi,mon,ave,land,land,Lmon,Water Evaporation from Soil,tier1,FireMIP_monthly;baseline_monthly;land_benchmarking_and_landcover_variables_tier1,Atmospheric dynamics and variability;Baseline Climate Variables for Earth System Modelling;Benchmarking and Attributing Changes to Global Carbon and other Biogeochemical Cycles;Robust Risk Assessment of Tipping Points;Role of fire in the Earth system,high;medium,area: mean where land time: mean
land.evspsblveg.tavg-u-hxy-lnd.mon.glb,evspsblveg,evspsblveg,Lmon.evspsblveg,mon,ave,land,land,Lmon,Evaporation from Canopy,tier1,FireMIP_monthly;baseline_monthly;land_benchmarking_and_landcover_variables_tier1,Atmospheric dynamics and variability;Baseline Climate Variables for Earth System Modelling;Benchmarking and Attributing Changes to Global Carbon and other Biogeochemical Cycles;Robust Risk Assessment of Tipping Points;Role of fire in the Earth system,high;medium,area: mean where land time: mean
land.fAnthDisturb.tavg-u-hxy-lnd.mon.glb,fAnthDisturb,fAnthDisturb,Emon.fAnthDisturb,mon,ave,land,land,Emon,"Carbon Mass Flux from Vegetation, Litter or Soil Pools into the Atmosphere Due to any Human Activity [kgC m-2 s-1]",tier1,land_carbon_cycle_tier1,Benchmarking and Attributing Changes to Global Carbon and other Biogeochemical Cycles;Constructing a Global Carbon Budget,high,area: mean where land time: mean
land.fBNF.tavg-u-hxy-lnd.mon.glb,fBNF,fBNF,Emon.fBNF,mon,ave,land,land,Emon,Biological Nitrogen Fixation,tier1,FireMIP_monthly;land_nitrogen_cycle_tier1,Benchmarking and Attributing Changes to Global Carbon and other Biogeochemical Cycles;Role of fire in the Earth system,high,area: mean where land time: mean
land.fCLandToOcean.tavg-u-hxy-lnd.mon.glb,fCLandToOcean,fCLandToOcean,Emon.fCLandToOcean,mon,ave,land,land,Emon,Lateral Transfer of Carbon out of Grid Cell That Eventually Goes into Ocean,tier1,land_carbon_cycle_tier1,Benchmarking and Attributing Changes to Global Carbon and other Biogeochemical Cycles;Constructing a Global Carbon Budget,high,area: mean where land time: mean
land.fDeforestToAtmos.tavg-u-hxy-lnd.mon.glb,fDeforestToAtmos,fDeforestToAtmos,Emon.fDeforestToAtmos,mon,ave,land,land,Emon,Deforested Biomass That Goes into Atmosphere as a Result of Anthropogenic Land-Use Change [kgC m-2 s-1],tier1,land_carbon_cycle_tier1,Benchmarking and Attributing Changes to Global Carbon and other Biogeochemical Cycles;Constructing a Global Carbon Budget,high,area: mean where land time: mean
land.fDeforestToProduct.tavg-u-hxy-lnd.mon.glb,fDeforestToProduct,fDeforestToProduct,Emon.fDeforestToProduct,mon,ave,land,land,Emon,Deforested Biomass That Goes into Product Pool as a Result of Anthropogenic Land-Use Change,tier1,land_carbon_cycle_tier1,Benchmarking and Attributing Changes to Global Carbon and other Biogeochemical Cycles;Constructing a Global Carbon Budget,high,area: mean where land time: mean
land.fFire.tavg-u-hxy-lnd.mon.glb,fFire,fFire,Lmon.fFire,mon,ave,land,land,Lmon,Carbon Mass Flux into Atmosphere Due to CO2 Emission from Fire Excluding Land-Use Change [kgC m-2 s-1],tier1,FireMIP_monthly;land_carbon_cycle_tier1,Benchmarking and Attributing Changes to Global Carbon and other Biogeochemical Cycles;Constructing a Global Carbon Budget;Role of fire in the Earth system,high,area: mean where land time: mean
land.fFireAll.tavg-u-hxy-lnd.mon.glb,fFireAll,fFireAll,Emon.fFireAll,mon,ave,land,land,Emon,Carbon Mass Flux into Atmosphere Due to CO2 Emission from Fire Including All Sources [kgC m-2 s-1],tier1,land_carbon_cycle_tier1,Benchmarking and Attributing Changes to Global Carbon and other Biogeochemical Cycles;Constructing a Global Carbon Budget,high,area: mean where land time: mean
land.fFireNat.tavg-u-hxy-lnd.mon.glb,fFireNat,fFireNat,Emon.fFireNat,mon,ave,land,land,Emon,Carbon Mass Flux into Atmosphere Due to CO2 Emission from Natural Fire [kgC m-2 s-1],tier1,land_carbon_cycle_tier1,Benchmarking and Attributing Changes to Global Carbon and other Biogeochemical Cycles;Constructing a Global Carbon Budget,high,area: mean where land time: mean
land.fHarvestToAtmos.tavg-u-hxy-lnd.mon.glb,fHarvestToAtmos,fHarvestToAtmos,Emon.fHarvestToAtmos,mon,ave,land,land,Emon,Harvested Biomass That Goes Straight into Atmosphere as Carbon Mass Flux [kgC m-2 s-1],tier1,land_carbon_cycle_tier1,Benchmarking and Attributing Changes to Global Carbon and other Biogeochemical Cycles;Constructing a Global Carbon Budget,high,area: mean where land time: mean
land.fHarvestToGeologicStorage.tavg-u-hxy-lnd.mon.glb,fHarvestToGeologicStorage,fHarvestToGeologicStorage,Lmon.fHarvestToGeologicStorage,mon,ave,land,land,Lmon,Harvested Biomass That Goes into Geological Storage,tier1,land_carbon_cycle_tier1,Benchmarking and Attributing Changes to Global Carbon and other Biogeochemical Cycles;Constructing a Global Carbon Budget,high,area: mean where land time: mean
land.fHarvestToProduct.tavg-u-hxy-lnd.mon.glb,fHarvestToProduct,fHarvestToProduct,Emon.fHarvestToProduct,mon,ave,land,land,Emon,Harvested Biomass That Goes into Product Pool,tier1,land_carbon_cycle_tier1,Benchmarking and Attributing Changes to Global Carbon and other Biogeochemical Cycles;Constructing a Global Carbon Budget,high,area: mean where land time: mean
land.fLitterFire.tavg-u-hxy-lnd.mon.glb,fLitterFire,fLitterFire,Emon.fLitterFire,mon,ave,land,land,Emon,"Carbon Mass Flux from Litter, CWD or any non-Living Pool into Atmosphere Due to CO2 Emission from All Fire [kgC m-2 s-1]",tier2,land_carbon_cycle_tier2,Benchmarking and Attributing Changes to Global Carbon and other Biogeochemical Cycles;Constructing a Global Carbon Budget,high,area: mean where land time: mean
land.fLitterSoil.tavg-u-hxy-lnd.mon.glb,fLitterSoil,fLitterSoil,Lmon.fLitterSoil,mon,ave,land,land,Lmon,Total Carbon Mass Flux from Litter to Soil,tier1,land_carbon_cycle_tier1,Benchmarking and Attributing Changes to Global Carbon and other Biogeochemical Cycles;Constructing a Global Carbon Budget,high,area: mean where land time: mean
land.fLuc.tavg-u-hxy-lnd.mon.glb,fLuc,fLuc,Emon.fLuc,mon,ave,land,land,Emon,Net Carbon Mass Flux into Atmosphere Due to Land-Use Change [kgC m-2 s-1],,FireMIP_monthly,Role of fire in the Earth system,high,area: mean where land time: mean
land.fLulccAtmLut.tavg-u-hxy-multi.mon.glb,fLulccAtmLut,fLulccAtmLut,Emon.fLulccAtmLut,mon,ave,land,land,Emon,Carbon Transferred Directly to Atmosphere Due to any Land-Use or Land-Cover Change Activities [kgC m-2 s-1],,landuse,Land use change,high,area: time: mean where sector
land.fN2O.tavg-u-hxy-lnd.mon.glb,fN2O,fN2O,Emon.fN2O,mon,ave,land,land,Emon,Total Land N2O Flux,tier1,land_nitrogen_cycle_tier1,Benchmarking and Attributing Changes to Global Carbon and other Biogeochemical Cycles,high,area: mean where land time: mean
land.fNAnthDisturb.tavg-u-hxy-lnd.mon.glb,fNAnthDisturb,fNAnthDisturb,Emon.fNAnthDisturb,mon,ave,land,land,Emon,Nitrogen Mass Flux out of Land Due to any Human Activity,tier1,land_nitrogen_cycle_tier1,Benchmarking and Attributing Changes to Global Carbon and other Biogeochemical Cycles,high,area: mean where land time: mean
land.fNLandToOcean.tavg-u-hxy-lnd.mon.glb,fNLandToOcean,fNLandToOcean,Emon.fNLandToOcean,mon,ave,land,land,Emon,Lateral Transfer of Nitrogen out of Grid Cell That Eventually Goes into Ocean,tier1,FireMIP_monthly;land_nitrogen_cycle_tier1,Benchmarking and Attributing Changes to Global Carbon and other Biogeochemical Cycles;Role of fire in the Earth system,high,area: mean where land time: mean
land.fNLitterSoil.tavg-u-hxy-lnd.mon.glb,fNLitterSoil,fNLitterSoil,Emon.fNLitterSoil,mon,ave,land,land,Emon,Total Nitrogen Mass Flux from Litter to Soil,tier1,FireMIP_monthly;land_nitrogen_cycle_tier1,Benchmarking and Attributing Changes to Global Carbon and other Biogeochemical Cycles;Role of fire in the Earth system,high,area: mean where land time: mean
land.fNOx.tavg-u-hxy-lnd.mon.glb,fNOx,fNOx,Emon.fNOx,mon,ave,land,land,Emon,Total Land NOx Flux,tier1,land_nitrogen_cycle_tier1,Benchmarking and Attributing Changes to Global Carbon and other Biogeochemical Cycles,high,area: mean where land time: mean
land.fNProduct.tavg-u-hxy-lnd.mon.glb,fNProduct,fNProduct,Emon.fNProduct,mon,ave,land,land,Emon,Deforested or Harvested Biomass as a Result of Anthropogenic Land-Use or Change,tier1,land_nitrogen_cycle_tier1,Benchmarking and Attributing Changes to Global Carbon and other Biogeochemical Cycles,high,area: mean where land time: mean
land.fNVegLitter.tavg-u-hxy-lnd.mon.glb,fNVegLitter,fNVegLitter,Emon.fNVegLitter,mon,ave,land,land,Emon,Total Nitrogen Mass Flux from Vegetation to Litter,tier1,land_nitrogen_cycle_tier1,Benchmarking and Attributing Changes to Global Carbon and other Biogeochemical Cycles,high,area: mean where land time: mean
land.fNVegSoil.tavg-u-hxy-lnd.mon.glb,fNVegSoil,fNVegSoil,Emon.fNVegSoil,mon,ave,land,land,Emon,Total Nitrogen Mass Flux from Vegetation Directly to Soil,tier1,FireMIP_monthly;land_nitrogen_cycle_tier1,Benchmarking and Attributing Changes to Global Carbon and other Biogeochemical Cycles;Role of fire in the Earth system,high,area: mean where land time: mean
land.fNdep.tavg-u-hxy-lnd.mon.glb,fNdep,fNdep,Emon.fNdep,mon,ave,land,land,Emon,Dry and Wet Deposition of Reactive Nitrogen onto Land,tier1,land_nitrogen_cycle_tier1,Benchmarking and Attributing Changes to Global Carbon and other Biogeochemical Cycles,high,area: mean where land time: mean
land.fNfert.tavg-u-hxy-lnd.mon.glb,fNfert,fNfert,Emon.fNfert,mon,ave,land,land,Emon,Total Nitrogen Added for Cropland Fertilisation (Artificial and Manure),tier1,land_nitrogen_cycle_tier1,Benchmarking and Attributing Changes to Global Carbon and other Biogeochemical Cycles,high,area: mean where land time: mean
land.fNgas.tavg-u-hxy-lnd.mon.glb,fNgas,fNgas,Emon.fNgas,mon,ave,land,land,Emon,"Total Nitrogen Lost to the Atmosphere (Sum of NHx, NOx, N2O, N2)",tier2,FireMIP_monthly;land_nitrogen_cycle_tier2,Benchmarking and Attributing Changes to Global Carbon and other Biogeochemical Cycles;Role of fire in the Earth system,high,area: mean where land time: mean
land.fNgasFire.tavg-u-hxy-lnd.mon.glb,fNgasFire,fNgasFire,Emon.fNgasFire,mon,ave,land,land,Emon,"Total Nitrogen Lost to the Atmosphere (Including NHx, NOx, N2O, N2) from Fire",tier2,FireMIP_monthly;land_nitrogen_cycle_tier2,Benchmarking and Attributing Changes to Global Carbon and other Biogeochemical Cycles;Role of fire in the Earth system,high,area: mean where land time: mean
land.fNgasNonFire.tavg-u-hxy-lnd.mon.glb,fNgasNonFire,fNgasNonFire,Emon.fNgasNonFire,mon,ave,land,land,Emon,"Total Nitrogen Lost to the Atmosphere (Including NHx, NOx, N2O, N2) from All Processes Except Fire",tier2,land_nitrogen_cycle_tier2,Benchmarking and Attributing Changes to Global Carbon and other Biogeochemical Cycles,high,area: mean where land time: mean
land.fNleach.tavg-u-hxy-lnd.mon.glb,fNleach,fNleach,Emon.fNleach,mon,ave,land,land,Emon,"Total Nitrogen Loss to Leaching or Runoff (Sum of Ammonium, Nitrite and Nitrate)",tier2,FireMIP_monthly;land_nitrogen_cycle_tier2,Benchmarking and Attributing Changes to Global Carbon and other Biogeochemical Cycles;Role of fire in the Earth system,high,area: mean where land time: mean
land.fNloss.tavg-u-hxy-lnd.mon.glb,fNloss,fNloss,Emon.fNloss,mon,ave,land,land,Emon,"Total Nitrogen Lost (Including NHx, NOx, N2O, N2 and Leaching)",tier1,FireMIP_monthly;land_nitrogen_cycle_tier1,Benchmarking and Attributing Changes to Global Carbon and other Biogeochemical Cycles;Role of fire in the Earth system,high,area: mean where land time: mean
land.fNnetmin.tavg-u-hxy-lnd.mon.glb,fNnetmin,fNnetmin,Emon.fNnetmin,mon,ave,land,land,Emon,Net Nitrogen Release from Soil and Litter as the Outcome of Nitrogen Immobilisation and Gross Mineralisation,tier1,land_nitrogen_cycle_tier1,Benchmarking and Attributing Changes to Global Carbon and other Biogeochemical Cycles,high,area: mean where land time: mean
land.fNup.tavg-u-hxy-lnd.mon.glb,fNup,fNup,Emon.fNup,mon,ave,land,land,Emon,Total Plant Nitrogen Uptake (Sum of Ammonium and Nitrate) Irrespective of the Source of Nitrogen,tier1,FireMIP_monthly;land_nitrogen_cycle_tier1,Benchmarking and Attributing Changes to Global Carbon and other Biogeochemical Cycles;Role of fire in the Earth system,high,area: mean where land time: mean
land.fProductDecomp.tavg-u-hxy-lnd.mon.glb,fProductDecomp,fProductDecomp,Emon.fProductDecomp,mon,ave,land,land,Emon,Decomposition out of Product Pools to CO2 in Atmosphere as Carbon Mass Flux [kgC m-2 s-1],tier1,land_carbon_cycle_tier1,Benchmarking and Attributing Changes to Global Carbon and other Biogeochemical Cycles;Constructing a Global Carbon Budget,high,area: mean where land time: mean
land.fVegFire.tavg-u-hxy-lnd.mon.glb,fVegFire,fVegFire,Emon.fVegFire,mon,ave,land,land,Emon,Carbon Mass Flux from Vegetation into Atmosphere Due to CO2 Emission from All Fire [kgC m-2 s-1],tier2,land_carbon_cycle_tier2,Benchmarking and Attributing Changes to Global Carbon and other Biogeochemical Cycles;Constructing a Global Carbon Budget,high,area: mean where land time: mean
land.fVegLitter.tavg-u-hxy-lnd.mon.glb,fVegLitter,fVegLitter,Lmon.fVegLitter,mon,ave,land,land,Lmon,Total Carbon Mass Flux from Vegetation to Litter,tier1,land_carbon_cycle_tier1,Benchmarking and Attributing Changes to Global Carbon and other Biogeochemical Cycles;Constructing a Global Carbon Budget,high,area: mean where land time: mean
land.fVegLitterMortality.tavg-u-hxy-lnd.mon.glb,fVegLitterMortality,fVegLitterMortality,Emon.fVegLitterMortality,mon,ave,land,land,Emon,Total Carbon Mass Flux from Vegetation to Litter as a Result of Mortality,tier2,land_carbon_cycle_tier2,Benchmarking and Attributing Changes to Global Carbon and other Biogeochemical Cycles;Constructing a Global Carbon Budget,high,area: mean where land time: mean
land.fVegLitterSenescence.tavg-u-hxy-lnd.mon.glb,fVegLitterSenescence,fVegLitterSenescence,Emon.fVegLitterSenescence,mon,ave,land,land,Emon,"Total Carbon Mass Flux from Vegetation to Litter as a Result of Leaf, Branch, and Root Senescence",tier2,land_carbon_cycle_tier2,Benchmarking and Attributing Changes to Global Carbon and other Biogeochemical Cycles;Constructing a Global Carbon Budget,high,area: mean where land time: mean
land.fVegSoil.tavg-u-hxy-lnd.mon.glb,fVegSoil,fVegSoil,Lmon.fVegSoil,mon,ave,land,land,Lmon,Total Carbon Mass Flux from Vegetation Directly to Soil,tier1,land_carbon_cycle_tier1,Benchmarking and Attributing Changes to Global Carbon and other Biogeochemical Cycles;Constructing a Global Carbon Budget,high,area: mean where land time: mean
land.fVegSoilMortality.tavg-u-hxy-lnd.mon.glb,fVegSoilMortality,fVegSoilMortality,Emon.fVegSoilMortality,mon,ave,land,land,Emon,Total Carbon Mass Flux from Vegetation to Soil as a Result of Mortality,tier2,land_carbon_cycle_tier2,Benchmarking and Attributing Changes to Global Carbon and other Biogeochemical Cycles;Constructing a Global Carbon Budget,high,area: mean where land time: mean
land.fVegSoilSenescence.tavg-u-hxy-lnd.mon.glb,fVegSoilSenescence,fVegSoilSenescence,Emon.fVegSoilSenescence,mon,ave,land,land,Emon,"Total Carbon Mass Flux from Vegetation to Soil as a Result of Leaf, Branch, and Root Senescence",tier2,land_carbon_cycle_tier2,Benchmarking and Attributing Changes to Global Carbon and other Biogeochemical Cycles;Constructing a Global Carbon Budget,high,area: mean where land time: mean
land.fracLut.tpt-u-hxy-u.mon.glb,fracLut,fracLut,Emon.fracLut,mon,inst,land,land,Emon,Percentage of Grid Cell for Each Land-Use Tile,,landuse,Land use change,high,area: mean time: point
land.gpp.tavg-u-hxy-lnd.mon.glb,gpp,gpp,Lmon.gpp,mon,ave,land,land,Lmon,Carbon Mass Flux out of Atmosphere Due to Gross Primary Production on Land [kgC m-2 s-1],tier1,DCPP_Wider;FireMIP_monthly;land_carbon_cycle_tier1,Benchmarking and Attributing Changes to Global Carbon and other Biogeochemical Cycles;Constructing a Global Carbon Budget;Diagnosing temperature variability and extremes;Multi-annual-to-decadal predictability of the Earth System and risk assessment of climate extremes;Role of fire in the Earth system,high,area: mean where land time: mean
land.gpp.tavg-u-hxy-ng.mon.glb,gppGrass,gpp,Emon.gppGrass,mon,ave,land,land,Emon,Gross Primary Production on Grass Tiles as Carbon Mass Flux [kgC m-2 s-1],tier2,land_carbon_cycle_tier2,Benchmarking and Attributing Changes to Global Carbon and other Biogeochemical Cycles;Constructing a Global Carbon Budget,high,area: time: mean where natural_grasses (mask=grassFrac)
land.gppLut.tavg-u-hxy-multi.mon.glb,gppLut,gppLut,Emon.gppLut,mon,ave,land,land,Emon,Gross Primary Production on Land-Use Tile as Carbon Mass Flux [kgC m-2 s-1],,landuse,Land use change,high,area: time: mean where sector
land.gpp.tavg-u-hxy-shb.mon.glb,gppShrub,gpp,Emon.gppShrub,mon,ave,land,land,Emon,Gross Primary Production on Shrub Tiles as Carbon Mass Flux [kgC m-2 s-1],tier2,land_carbon_cycle_tier2,Benchmarking and Attributing Changes to Global Carbon and other Biogeochemical Cycles;Constructing a Global Carbon Budget,high,area: time: mean where shrubs (mask=shrubFrac)
land.gpp.tavg-u-hxy-tree.mon.glb,gppTree,gpp,Emon.gppTree,mon,ave,land,land,Emon,Gross Primary Production on Tree Tiles as Carbon Mass Flux [kgC m-2 s-1],tier2,land_carbon_cycle_tier2,Benchmarking and Attributing Changes to Global Carbon and other Biogeochemical Cycles;Constructing a Global Carbon Budget,high,area: time: mean where trees (mask=treeFrac)
land.grassFrac.tavg-u-hxy-u.mon.glb,grassFrac,grassFrac,Lmon.grassFrac,mon,ave,land,land,Lmon,Natural Grass Area Percentage,tier1,FireMIP_monthly;land_benchmarking_and_landcover_variables_tier1,Benchmarking and Attributing Changes to Global Carbon and other Biogeochemical Cycles;Role of fire in the Earth system,high,area: time: mean
land.grassFracC3.tavg-u-hxy-u.mon.glb,grassFracC3,grassFracC3,Emon.grassFracC3,mon,ave,land,land,Emon,C3 Natural Grass Area Percentage,tier2,land_benchmarking_and_landcover_variables_tier2,Benchmarking and Attributing Changes to Global Carbon and other Biogeochemical Cycles,high,area: time: mean
land.grassFracC4.tavg-u-hxy-u.mon.glb,grassFracC4,grassFracC4,Emon.grassFracC4,mon,ave,land,land,Emon,C4 Natural Grass Area Percentage,tier2,land_benchmarking_and_landcover_variables_tier2,Benchmarking and Attributing Changes to Global Carbon and other Biogeochemical Cycles,high,area: time: mean
land.hflsLut.tavg-u-hxy-multi.mon.glb,hflsLut,hflsLut,Emon.hflsLut,mon,ave,land,land,Emon,Latent Heat Flux on Land-Use Tile,,landuse,Land use change,high,area: time: mean where sector
land.hfssLut.tavg-u-hxy-multi.mon.glb,hfssLut,hfssLut,Emon.hfssLut,mon,ave,land,land,Emon,Sensible Heat Flux on Land-Use Tile,,landuse,Land use change,high,area: time: mean where sector
land.irrLut.tavg-u-hxy-multi.mon.glb,irrLut,irrLut,Emon.irrLut,mon,ave,land,land,Emon,"Irrigation Flux Including any Irrigation for Crops, Trees, Pasture, or Urban Lawns",,landuse,Land use change,high,area: time: mean where sector
land.lai.tavg-u-hxy-lnd.mon.glb,lai,lai,Lmon.lai,mon,ave,land,land,Lmon,Leaf Area Index,tier1,DCPP_Wider;FireMIP_monthly;baseline_monthly;land_benchmarking_and_landcover_variables_tier1,Atmospheric dynamics and variability;Baseline Climate Variables for Earth System Modelling;Benchmarking and Attributing Changes to Global Carbon and other Biogeochemical Cycles;Diagnosing temperature variability and extremes;Multi-annual-to-decadal predictability of the Earth System and risk assessment of climate extremes;Robust Risk Assessment of Tipping Points;Role of fire in the Earth system,high;medium,area: mean where land time: mean
land.laiLut.tavg-u-hxy-multi.mon.glb,laiLut,laiLut,Emon.laiLut,mon,ave,land,land,Emon,Leaf Area Index on Land-Use Tile,,landuse,Land use change,high,area: time: mean where sector
land.landCoverFrac.tavg-u-hxy-u.mon.glb,landCoverFrac,landCoverFrac,Lmon.landCoverFrac,mon,ave,land,land,Lmon,Percentage of Area by Vegetation or Land-Cover Category,,dynamical_downscaling_core;plant_phenology_high,Dynamical Downscaling (CORDEX);Plant Phenology,high,area: time: mean
land.mrro.tavg-u-hxy-lnd.mon.glb,mrro,mrro,Lmon.mrro,mon,ave,land,land,Lmon,Total Runoff,tier1,DAMIP_monthly;DCPP_Essential;FireMIP_monthly;WaterResources_monthly;baseline_monthly;hydrology;land_benchmarking_and_landcover_variables_tier1,"Assessments for Hydrological Processes, Water Resources, and Freshwater Systems;Atmospheric dynamics and variability;Baseline Climate Variables for Earth System Modelling;Benchmarking and Attributing Changes to Global Carbon and other Biogeochemical Cycles;Detection and Attribution;Diagnosing temperature variability and extremes;Multi-annual-to-decadal predictability of the Earth System and risk assessment of climate extremes;Robust Risk Assessment of Tipping Points;Role of fire in the Earth system",high;medium,area: mean where land time: mean
land.mrros.tavg-u-hxy-lnd.mon.glb,mrros,mrros,Lmon.mrros,mon,ave,land,land,Lmon,Surface Runoff,tier1,DAMIP_monthly;FireMIP_monthly;WaterResources_monthly;baseline_monthly;hydrology;land_benchmarking_and_landcover_variables_tier1,"Assessments for Hydrological Processes, Water Resources, and Freshwater Systems;Atmospheric dynamics and variability;Baseline Climate Variables for Earth System Modelling;Benchmarking and Attributing Changes to Global Carbon and other Biogeochemical Cycles;Detection and Attribution;Robust Risk Assessment of Tipping Points;Role of fire in the Earth system",high;medium,area: mean where land time: mean
land.mrsfl.tavg-sl-hxy-lnd.mon.glb,mrsfl,mrsfl,Emon.mrsfl,mon,ave,land,land,Emon,Frozen Water Content of Soil Layer,tier1,land_benchmarking_and_landcover_variables_tier1,Benchmarking and Attributing Changes to Global Carbon and other Biogeochemical Cycles,high,area: mean where land time: mean
land.mrsll.tavg-sl-hxy-lnd.mon.glb,mrsll,mrsll,Emon.mrsll,mon,ave,land,land,Emon,Liquid Water Content of Soil Layer,tier1,land_benchmarking_and_landcover_variables_tier1,Benchmarking and Attributing Changes to Global Carbon and other Biogeochemical Cycles,high,area: mean where land time: mean
land.mrso.tavg-u-hxy-lnd.mon.glb,mrso,mrso,Lmon.mrso,mon,ave,land,land,Lmon,Total Soil Moisture Content,tier1,DCPP_Essential;WaterResources_monthly;baseline_monthly;land_benchmarking_and_landcover_variables_tier1,"Assessments for Hydrological Processes, Water Resources, and Freshwater Systems;Atmospheric dynamics and variability;Baseline Climate Variables for Earth System Modelling;Benchmarking and Attributing Changes to Global Carbon and other Biogeochemical Cycles;Diagnosing temperature variability and extremes;Multi-annual-to-decadal predictability of the Earth System and risk assessment of climate extremes;Robust Risk Assessment of Tipping Points",high;medium,area: mean where land time: mean
land.mrsol.tavg-sl-hxy-lnd.mon.glb,mrsol,mrsol,Emon.mrsol,mon,ave,land,land,Emon,Total Water Content of Soil Layer,tier1,land_benchmarking_and_landcover_variables_tier1,Benchmarking and Attributing Changes to Global Carbon and other Biogeochemical Cycles,high,area: mean where land time: mean
land.mrsol.tavg-d10cm-hxy-lnd.mon.glb,mrsos,mrsol,Lmon.mrsos,mon,ave,land,land,Lmon,Moisture in Upper Portion of Soil Column,tier1,DAMIP_monthly;DCPP_Essential;WaterResources_monthly;baseline_monthly;dynamical_downscaling_soil;land_benchmarking_and_landcover_variables_tier1,"Assessments for Hydrological Processes, Water Resources, and Freshwater Systems;Atmospheric dynamics and variability;Baseline Climate Variables for Earth System Modelling;Benchmarking and Attributing Changes to Global Carbon and other Biogeochemical Cycles;Detection and Attribution;Diagnosing temperature variability and extremes;Dynamical Downscaling (CORDEX);Multi-annual-to-decadal predictability of the Earth System and risk assessment of climate extremes;Robust Risk Assessment of Tipping Points",high;medium,area: mean where land time: mean
land.mrsolLut.tavg-d10cm-hxy-multi.mon.glb,mrsosLut,mrsolLut,Emon.mrsosLut,mon,ave,land,land,Emon,Moisture in Upper Portion of Soil Column of Land-Use Tile,,landuse,Land use change,high,area: time: mean where sector
land.mrtws.tavg-u-hxy-lnd.mon.glb,mrtws,mrtws,Emon.mrtws,mon,ave,land,land,Emon,Terrestrial Water Storage,tier1;tier2,land_benchmarking_and_landcover_variables_tier1;land_benchmarking_and_landcover_variables_tier2,Benchmarking and Attributing Changes to Global Carbon and other Biogeochemical Cycles,high,area: mean where land time: mean
land.nLand.tavg-u-hxy-lnd.mon.glb,nLand,nLand,Emon.nLand,mon,ave,land,land,Emon,Total Nitrogen in All Terrestrial Nitrogen Pools,tier1,FireMIP_monthly;land_nitrogen_cycle_tier1,Benchmarking and Attributing Changes to Global Carbon and other Biogeochemical Cycles;Role of fire in the Earth system,high,area: mean where land time: mean
land.nLeaf.tavg-u-hxy-lnd.mon.glb,nLeaf,nLeaf,Emon.nLeaf,mon,ave,land,land,Emon,Nitrogen Mass in Leaves,tier2,land_nitrogen_cycle_tier2,Benchmarking and Attributing Changes to Global Carbon and other Biogeochemical Cycles,high,area: mean where land time: mean
land.nLitter.tavg-u-hxy-lnd.mon.glb,nLitter,nLitter,Emon.nLitter,mon,ave,land,land,Emon,Nitrogen Mass in Litter Pool,tier1,FireMIP_monthly;land_nitrogen_cycle_tier1,Benchmarking and Attributing Changes to Global Carbon and other Biogeochemical Cycles;Role of fire in the Earth system,high,area: mean where land time: mean
land.nLitterCwd.tavg-u-hxy-lnd.mon.glb,nLitterCwd,nLitterCwd,Emon.nLitterCwd,mon,ave,land,land,Emon,Nitrogen Mass in Coarse Woody Debris,tier2,land_nitrogen_cycle_tier2,Benchmarking and Attributing Changes to Global Carbon and other Biogeochemical Cycles,high,area: mean where land time: mean
land.nLitterSubSurf.tavg-u-hxy-lnd.mon.glb,nLitterSubSurf,nLitterSubSurf,Emon.nLitterSubSurf,mon,ave,land,land,Emon,Nitrogen Mass in Below-Ground Litter (non CWD),tier2,land_nitrogen_cycle_tier2,Benchmarking and Attributing Changes to Global Carbon and other Biogeochemical Cycles,high,area: mean where land time: mean
land.nLitterSurf.tavg-u-hxy-lnd.mon.glb,nLitterSurf,nLitterSurf,Emon.nLitterSurf,mon,ave,land,land,Emon,Nitrogen Mass in Above-Ground Litter (non CWD),tier2,land_nitrogen_cycle_tier2,Benchmarking and Attributing Changes to Global Carbon and other Biogeochemical Cycles,high,area: mean where land time: mean
land.nMineral.tavg-u-hxy-lnd.mon.glb,nMineral,nMineral,Emon.nMineral,mon,ave,land,land,Emon,Mineral Nitrogen in the Soil,tier1,FireMIP_monthly;land_nitrogen_cycle_tier1,Benchmarking and Attributing Changes to Global Carbon and other Biogeochemical Cycles;Role of fire in the Earth system,high,area: mean where land time: mean
land.nMineralNH4.tavg-u-hxy-lnd.mon.glb,nMineralNH4,nMineralNH4,Emon.nMineralNH4,mon,ave,land,land,Emon,Mineral Ammonium in the Soil,tier2,land_nitrogen_cycle_tier2,Benchmarking and Attributing Changes to Global Carbon and other Biogeochemical Cycles,high,area: mean where land time: mean
land.nMineralNO3.tavg-u-hxy-lnd.mon.glb,nMineralNO3,nMineralNO3,Emon.nMineralNO3,mon,ave,land,land,Emon,Mineral Nitrate in the Soil,tier2,land_nitrogen_cycle_tier2,Benchmarking and Attributing Changes to Global Carbon and other Biogeochemical Cycles,high,area: mean where land time: mean
land.nOther.tavg-u-hxy-lnd.mon.glb,nOther,nOther,Emon.nOther,mon,ave,land,land,Emon,"Nitrogen Mass in Vegetation Components Other than Leaves, Stem and Root",tier2,land_nitrogen_cycle_tier2,Benchmarking and Attributing Changes to Global Carbon and other Biogeochemical Cycles,high,area: mean where land time: mean
land.nProduct.tavg-u-hxy-lnd.mon.glb,nProduct,nProduct,Emon.nProduct,mon,ave,land,land,Emon,Nitrogen Mass in Products of Land-Use Change,tier1,FireMIP_monthly;land_nitrogen_cycle_tier1,Benchmarking and Attributing Changes to Global Carbon and other Biogeochemical Cycles;Role of fire in the Earth system,high,area: mean where land time: mean
land.nRoot.tavg-u-hxy-lnd.mon.glb,nRoot,nRoot,Emon.nRoot,mon,ave,land,land,Emon,Nitrogen Mass in Roots,tier2,land_nitrogen_cycle_tier2,Benchmarking and Attributing Changes to Global Carbon and other Biogeochemical Cycles,high,area: mean where land time: mean
land.nSoil.tavg-u-hxy-lnd.mon.glb,nSoil,nSoil,Emon.nSoil,mon,ave,land,land,Emon,Nitrogen Mass in Soil Pool,tier1,FireMIP_monthly;land_nitrogen_cycle_tier1,Benchmarking and Attributing Changes to Global Carbon and other Biogeochemical Cycles;Role of fire in the Earth system,high,area: mean where land time: mean
land.nStem.tavg-u-hxy-lnd.mon.glb,nStem,nStem,Emon.nStem,mon,ave,land,land,Emon,Nitrogen Mass in Stem,tier2,land_nitrogen_cycle_tier2,Benchmarking and Attributing Changes to Global Carbon and other Biogeochemical Cycles,high,area: mean where land time: mean
land.nVeg.tavg-u-hxy-lnd.mon.glb,nVeg,nVeg,Emon.nVeg,mon,ave,land,land,Emon,Nitrogen Mass in Vegetation,tier1,FireMIP_monthly;land_nitrogen_cycle_tier1,Benchmarking and Attributing Changes to Global Carbon and other Biogeochemical Cycles;Role of fire in the Earth system,high,area: mean where land time: mean
land.nbp.tavg-u-hxy-lnd.mon.glb,nbp,nbp,Lmon.nbp,mon,ave,land,land,Lmon,Carbon Mass Flux out of Atmosphere Due to Net Biospheric Production on Land [kgC m-2 s-1],tier1,DAMIP_monthly;DCPP_Essential;DCPP_Wider;FireMIP_monthly;land_carbon_cycle_tier1,Benchmarking and Attributing Changes to Global Carbon and other Biogeochemical Cycles;Constructing a Global Carbon Budget;Detection and Attribution;Diagnosing temperature variability and extremes;Multi-annual-to-decadal predictability of the Earth System and risk assessment of climate extremes;Role of fire in the Earth system,high,area: mean where land time: mean
land.nbpLut.tavg-u-hxy-multi.mon.glb,nbpLut,nbpLut,Emon.nbpLut,mon,ave,land,land,Emon,Net Carbon Mass Flux into Land-Use Tile [kgC m-2 s-1],,landuse,Land use change,high,area: time: mean where sector
land.nep.tavg-u-hxy-lnd.mon.glb,nep,nep,Emon.nep,mon,ave,land,land,Emon,Net Carbon Mass Flux out of Atmosphere Due to Net Ecosystem Productivity on Land [kgC m-2 s-1],,FireMIP_monthly,Role of fire in the Earth system,high,area: mean where land time: mean
land.netAtmosLandCO2Flux.tavg-u-hxy-lnd.mon.glb,netAtmosLandCO2Flux,netAtmosLandCO2Flux,Emon.netAtmosLandCO2Flux,mon,ave,land,land,Emon,Net Flux of CO2 Between Atmosphere and Land (Positive into Land) as a Result of All Processes [kgC m-2 s-1],tier1,land_carbon_cycle_tier1,Benchmarking and Attributing Changes to Global Carbon and other Biogeochemical Cycles;Constructing a Global Carbon Budget,high,area: mean where land time: mean
land.npp.tavg-u-hxy-lnd.mon.glb,npp,npp,Lmon.npp,mon,ave,land,land,Lmon,Net Primary Production on Land as Carbon Mass Flux [kgC m-2 s-1],tier1,DCPP_Wider;FireMIP_monthly;land_carbon_cycle_tier1,Benchmarking and Attributing Changes to Global Carbon and other Biogeochemical Cycles;Constructing a Global Carbon Budget;Diagnosing temperature variability and extremes;Multi-annual-to-decadal predictability of the Earth System and risk assessment of climate extremes;Role of fire in the Earth system,high,area: mean where land time: mean
land.npp.tavg-u-hxy-ng.mon.glb,nppGrass,npp,Emon.nppGrass,mon,ave,land,land,Emon,Net Primary Production on Grass Tiles as Carbon Mass Flux [kgC m-2 s-1],tier2,land_carbon_cycle_tier2,Benchmarking and Attributing Changes to Global Carbon and other Biogeochemical Cycles;Constructing a Global Carbon Budget,high,area: time: mean where natural_grasses (mask=grassFrac)
land.nppLeaf.tavg-u-hxy-lnd.mon.glb,nppLeaf,nppLeaf,Lmon.nppLeaf,mon,ave,land,land,Lmon,Net Primary Production Allocated to Leaves as Carbon Mass Flux [kgC m-2 s-1],tier2,land_carbon_cycle_tier2,Benchmarking and Attributing Changes to Global Carbon and other Biogeochemical Cycles;Constructing a Global Carbon Budget,high,area: mean where land time: mean
land.nppLut.tavg-u-hxy-multi.mon.glb,nppLut,nppLut,Emon.nppLut,mon,ave,land,land,Emon,Net Primary Production on Land-Use Tile as Carbon Mass Flux [kgC m-2 s-1],,landuse,Land use change,high,area: time: mean where sector
land.nppOther.tavg-u-hxy-lnd.mon.glb,nppOther,nppOther,Emon.nppOther,mon,ave,land,land,Emon,Net Primary Production Allocated to Other Pools (not Leaves Stem or Roots) as Carbon Mass Flux [kgC m-2 s-1],tier2,land_carbon_cycle_tier2,Benchmarking and Attributing Changes to Global Carbon and other Biogeochemical Cycles;Constructing a Global Carbon Budget,high,area: mean where land time: mean
land.nppRoot.tavg-u-hxy-lnd.mon.glb,nppRoot,nppRoot,Lmon.nppRoot,mon,ave,land,land,Lmon,Net Primary Production Allocated to Roots as Carbon Mass Flux [kgC m-2 s-1],tier2,land_carbon_cycle_tier2,Benchmarking and Attributing Changes to Global Carbon and other Biogeochemical Cycles;Constructing a Global Carbon Budget,high,area: mean where land time: mean
land.npp.tavg-u-hxy-shb.mon.glb,nppShrub,npp,Emon.nppShrub,mon,ave,land,land,Emon,Net Primary Production on Shrub Tiles as Carbon Mass Flux [kgC m-2 s-1],tier2,land_carbon_cycle_tier2,Benchmarking and Attributing Changes to Global Carbon and other Biogeochemical Cycles;Constructing a Global Carbon Budget,high,area: time: mean where shrubs (mask=shrubFrac)
land.nppStem.tavg-u-hxy-lnd.mon.glb,nppStem,nppStem,Emon.nppStem,mon,ave,land,land,Emon,Net Primary Production Allocated to Stem as Carbon Mass Flux [kgC m-2 s-1],tier2,land_carbon_cycle_tier2,Benchmarking and Attributing Changes to Global Carbon and other Biogeochemical Cycles;Constructing a Global Carbon Budget,high,area: mean where land time: mean
land.npp.tavg-u-hxy-tree.mon.glb,nppTree,npp,Emon.nppTree,mon,ave,land,land,Emon,Net Primary Production on Tree Tiles as Carbon Mass Flux [kgC m-2 s-1],tier2,land_carbon_cycle_tier2,Benchmarking and Attributing Changes to Global Carbon and other Biogeochemical Cycles;Constructing a Global Carbon Budget,high,area: time: mean where trees (mask=treeFrac)
land.pastureFrac.tavg-u-hxy-u.mon.glb,pastureFrac,pastureFrac,Lmon.pastureFrac,mon,ave,land,land,Lmon,Percentage of Land Which Is Anthropogenic Pasture,tier1,land_benchmarking_and_landcover_variables_tier1,Benchmarking and Attributing Changes to Global Carbon and other Biogeochemical Cycles,high,area: time: mean
land.pastureFracC3.tavg-u-hxy-u.mon.glb,pastureFracC3,pastureFracC3,Emon.pastureFracC3,mon,ave,land,land,Emon,C3 Pasture Area Percentage,tier2,land_benchmarking_and_landcover_variables_tier2,Benchmarking and Attributing Changes to Global Carbon and other Biogeochemical Cycles,high,area: time: mean
land.pastureFracC4.tavg-u-hxy-u.mon.glb,pastureFracC4,pastureFracC4,Emon.pastureFracC4,mon,ave,land,land,Emon,C4 Pasture Area Percentage,tier2,land_benchmarking_and_landcover_variables_tier2,Benchmarking and Attributing Changes to Global Carbon and other Biogeochemical Cycles,high,area: time: mean
land.prveg.tavg-u-hxy-lnd.mon.glb,prveg,prveg,Lmon.prveg,mon,ave,land,land,Lmon,Precipitation onto Canopy,tier1,land_benchmarking_and_landcover_variables_tier1,Benchmarking and Attributing Changes to Global Carbon and other Biogeochemical Cycles,high,area: mean where land time: mean
land.ra.tavg-u-hxy-lnd.mon.glb,ra,ra,Lmon.ra,mon,ave,land,land,Lmon,Carbon Mass Flux into Atmosphere Due to Autotrophic (Plant) Respiration on Land [kgC m-2 s-1],tier1,DCPP_Wider;FireMIP_monthly;land_carbon_cycle_tier1,Benchmarking and Attributing Changes to Global Carbon and other Biogeochemical Cycles;Constructing a Global Carbon Budget;Diagnosing temperature variability and extremes;Multi-annual-to-decadal predictability of the Earth System and risk assessment of climate extremes;Role of fire in the Earth system,high,area: mean where land time: mean
land.ra.tavg-u-hxy-ng.mon.glb,raGrass,ra,Emon.raGrass,mon,ave,land,land,Emon,Autotrophic Respiration on Grass Tiles as Carbon Mass Flux [kgC m-2 s-1],tier2,land_carbon_cycle_tier2,Benchmarking and Attributing Changes to Global Carbon and other Biogeochemical Cycles;Constructing a Global Carbon Budget,high,area: time: mean where natural_grasses (mask=grassFrac)
land.raLeaf.tavg-u-hxy-lnd.mon.glb,raLeaf,raLeaf,Emon.raLeaf,mon,ave,land,land,Emon,Total Respiration from Leaves as Carbon Mass Flux [kgC m-2 s-1],tier2,land_carbon_cycle_tier2,Benchmarking and Attributing Changes to Global Carbon and other Biogeochemical Cycles;Constructing a Global Carbon Budget,high,area: mean where land time: mean
land.raLut.tavg-u-hxy-multi.mon.glb,raLut,raLut,Emon.raLut,mon,ave,land,land,Emon,Autotrophic Respiration on Land-Use Tile as Carbon Mass Flux [kgC m-2 s-1],,landuse,Land use change,high,area: time: mean where sector
land.raOther.tavg-u-hxy-lnd.mon.glb,raOther,raOther,Emon.raOther,mon,ave,land,land,Emon,Total Respiration from Other Pools (not Leaves Stem or Roots) as Carbon Mass Flux [kgC m-2 s-1],tier2,land_carbon_cycle_tier2,Benchmarking and Attributing Changes to Global Carbon and other Biogeochemical Cycles;Constructing a Global Carbon Budget,high,area: mean where land time: mean
land.raRoot.tavg-u-hxy-lnd.mon.glb,raRoot,raRoot,Emon.raRoot,mon,ave,land,land,Emon,Total Respiration from Roots as Carbon Mass Flux [kgC m-2 s-1],tier2,land_carbon_cycle_tier2,Benchmarking and Attributing Changes to Global Carbon and other Biogeochemical Cycles;Constructing a Global Carbon Budget,high,area: mean where land time: mean
land.ra.tavg-u-hxy-shb.mon.glb,raShrub,ra,Emon.raShrub,mon,ave,land,land,Emon,Autotrophic Respiration on Shrub Tiles as Carbon Mass Flux [kgC m-2 s-1],tier2,land_carbon_cycle_tier2,Benchmarking and Attributing Changes to Global Carbon and other Biogeochemical Cycles;Constructing a Global Carbon Budget,high,area: time: mean where shrubs (mask=shrubFrac)
land.raStem.tavg-u-hxy-lnd.mon.glb,raStem,raStem,Emon.raStem,mon,ave,land,land,Emon,Total Respiration from Stem as Carbon Mass Flux [kgC m-2 s-1],tier2,land_carbon_cycle_tier2,Benchmarking and Attributing Changes to Global Carbon and other Biogeochemical Cycles;Constructing a Global Carbon Budget,high,area: mean where land time: mean
land.ra.tavg-u-hxy-tree.mon.glb,raTree,ra,Emon.raTree,mon,ave,land,land,Emon,Autotrophic Respiration on Tree Tiles as Carbon Mass Flux [kgC m-2 s-1],tier2,land_carbon_cycle_tier2,Benchmarking and Attributing Changes to Global Carbon and other Biogeochemical Cycles;Constructing a Global Carbon Budget,high,area: time: mean where trees (mask=treeFrac)
land.residualFrac.tavg-u-hxy-u.mon.glb,residualFrac,residualFrac,Lmon.residualFrac,mon,ave,land,land,Lmon,Percentage of Grid Cell That Is Land but neither Vegetation Covered nor Bare Soil,tier1,land_benchmarking_and_landcover_variables_tier1,Benchmarking and Attributing Changes to Global Carbon and other Biogeochemical Cycles,high,area: time: mean
land.rh.tavg-u-hxy-lnd.mon.glb,rh,rh,Lmon.rh,mon,ave,land,land,Lmon,Total Heterotrophic Respiration on Land as Carbon Mass Flux [kgC m-2 s-1],tier1,DCPP_Wider;FireMIP_monthly;land_carbon_cycle_tier1,Benchmarking and Attributing Changes to Global Carbon and other Biogeochemical Cycles;Constructing a Global Carbon Budget;Diagnosing temperature variability and extremes;Multi-annual-to-decadal predictability of the Earth System and risk assessment of climate extremes;Role of fire in the Earth system,high,area: mean where land time: mean
land.rh.tavg-u-hxy-ng.mon.glb,rhGrass,rh,Emon.rhGrass,mon,ave,land,land,Emon,Heterotrophic Respiration on Grass Tiles as Carbon Mass Flux [kgC m-2 s-1],tier2,land_carbon_cycle_tier2,Benchmarking and Attributing Changes to Global Carbon and other Biogeochemical Cycles;Constructing a Global Carbon Budget,high,area: time: mean where natural_grasses (mask=grassFrac)
land.rhLitter.tavg-u-hxy-lnd.mon.glb,rhLitter,rhLitter,Emon.rhLitter,mon,ave,land,land,Emon,Carbon Mass Flux into Atmosphere Due to Heterotrophic Respiration from Litter on Land,tier2,land_carbon_cycle_tier2,Benchmarking and Attributing Changes to Global Carbon and other Biogeochemical Cycles;Constructing a Global Carbon Budget,high,area: mean where land time: mean
land.rhLut.tavg-u-hxy-multi.mon.glb,rhLut,rhLut,Emon.rhLut,mon,ave,land,land,Emon,Heterotrophic Respiration on Land-Use Tile as Carbon Mass Flux [kgC m-2 s-1],,landuse,Land use change,high,area: time: mean where sector
land.rh.tavg-u-hxy-shb.mon.glb,rhShrub,rh,Emon.rhShrub,mon,ave,land,land,Emon,Heterotrophic Respiration on Shrub Tiles as Carbon Mass Flux [kgC m-2 s-1],tier2,land_carbon_cycle_tier2,Benchmarking and Attributing Changes to Global Carbon and other Biogeochemical Cycles;Constructing a Global Carbon Budget,high,area: time: mean where shrubs (mask=shrubFrac)
land.rhSoil.tavg-u-hxy-lnd.mon.glb,rhSoil,rhSoil,Emon.rhSoil,mon,ave,land,land,Emon,Carbon Mass Flux into Atmosphere Due to Heterotrophic Respiration from Soil on Land,tier2,land_carbon_cycle_tier2,Benchmarking and Attributing Changes to Global Carbon and other Biogeochemical Cycles;Constructing a Global Carbon Budget,high,area: mean where land time: mean
land.rh.tavg-u-hxy-tree.mon.glb,rhTree,rh,Emon.rhTree,mon,ave,land,land,Emon,Heterotrophic Respiration on Tree Tiles as Carbon Mass Flux [kgC m-2 s-1],tier2,land_carbon_cycle_tier2,Benchmarking and Attributing Changes to Global Carbon and other Biogeochemical Cycles;Constructing a Global Carbon Budget,high,area: time: mean where trees (mask=treeFrac)
land.rsds.tavg-u-hxy-sn.mon.glb,rsdss,rsds,Emon.rsdss,mon,ave,land,land ocean,Emon,Surface Downwelling Shortwave Radiation over Snow,tier1,land_benchmarking_and_landcover_variables_tier1,Benchmarking and Attributing Changes to Global Carbon and other Biogeochemical Cycles,high,area: time: mean where snow (mask=snc)
land.rsus.tavg-u-hxy-sn.mon.glb,rsuss,rsus,Emon.rsuss,mon,ave,land,land ocean,Emon,Surface Upwelling Shortwave Radiation over Snow,tier1,land_benchmarking_and_landcover_variables_tier1,Benchmarking and Attributing Changes to Global Carbon and other Biogeochemical Cycles,high,area: time: mean where snow (mask=snc)
land.shrubFrac.tavg-u-hxy-u.mon.glb,shrubFrac,shrubFrac,Lmon.shrubFrac,mon,ave,land,land,Lmon,Percentage Cover by Shrub,tier1,FireMIP_monthly;land_benchmarking_and_landcover_variables_tier1,Benchmarking and Attributing Changes to Global Carbon and other Biogeochemical Cycles;Role of fire in the Earth system,high,area: time: mean
land.sweLut.tavg-u-hxy-multi.mon.glb,sweLut,sweLut,Emon.sweLut,mon,ave,land,land,Emon,Snow Water Equivalent on Land-Use Tile,,snow_allfreq,"Assessments for Hydrological Processes, Water Resources, and Freshwater Systems",high,area: time: mean where sector
land.tasLut.tavg-h2m-hxy-multi.mon.glb,tasLut,tasLut,Emon.tasLut,mon,ave,land,land,Emon,Near-Surface Air Temperature on Land Use Tile,,landuse,Land use change,high,area: time: mean where sector
land.tran.tavg-u-hxy-lnd.mon.glb,tran,tran,Lmon.tran,mon,ave,land,land,Lmon,Transpiration,tier1,FireMIP_monthly;land_benchmarking_and_landcover_variables_tier1,Benchmarking and Attributing Changes to Global Carbon and other Biogeochemical Cycles;Role of fire in the Earth system,high,area: mean where land time: mean
land.treeFrac.tavg-u-hxy-u.mon.glb,treeFrac,treeFrac,Lmon.treeFrac,mon,ave,land,land,Lmon,Tree Cover Percentage,tier1,FireMIP_monthly;land_benchmarking_and_landcover_variables_tier1,Benchmarking and Attributing Changes to Global Carbon and other Biogeochemical Cycles;Role of fire in the Earth system,high,area: time: mean
land.treeFracBdlDcd.tavg-u-hxy-u.mon.glb,treeFracBdlDcd,treeFracBdlDcd,Emon.treeFracBdlDcd,mon,ave,land,land,Emon,Broadleaf Deciduous Tree Area Percentage,tier2,land_benchmarking_and_landcover_variables_tier2;landuse,Benchmarking and Attributing Changes to Global Carbon and other Biogeochemical Cycles;Land use change,high,area: time: mean
land.treeFracBdlEvg.tavg-u-hxy-u.mon.glb,treeFracBdlEvg,treeFracBdlEvg,Emon.treeFracBdlEvg,mon,ave,land,land,Emon,Broadleaf Evergreen Tree Area Percentage,tier2,land_benchmarking_and_landcover_variables_tier2,Benchmarking and Attributing Changes to Global Carbon and other Biogeochemical Cycles,high,area: time: mean
land.treeFracNdlDcd.tavg-u-hxy-u.mon.glb,treeFracNdlDcd,treeFracNdlDcd,Emon.treeFracNdlDcd,mon,ave,land,land,Emon,Needleleaf Deciduous Tree Area Percentage,tier2,land_benchmarking_and_landcover_variables_tier2,Benchmarking and Attributing Changes to Global Carbon and other Biogeochemical Cycles,high,area: time: mean
land.treeFracNdlEvg.tavg-u-hxy-u.mon.glb,treeFracNdlEvg,treeFracNdlEvg,Emon.treeFracNdlEvg,mon,ave,land,land,Emon,Needleleaf Evergreen Tree Area Percentage,tier2,land_benchmarking_and_landcover_variables_tier2,Benchmarking and Attributing Changes to Global Carbon and other Biogeochemical Cycles,high,area: time: mean
land.tsl.tavg-sl-hxy-lnd.mon.glb,tsl,tsl,Lmon.tsl,mon,ave,land,land,Lmon,Temperature of Soil,tier1,FireMIP_monthly;dynamical_downscaling_soil;land_benchmarking_and_landcover_variables_tier1,Benchmarking and Attributing Changes to Global Carbon and other Biogeochemical Cycles;Dynamical Downscaling (CORDEX);Role of fire in the Earth system,high,area: mean where land time: mean
land.tsLut.tavg-u-hxy-multi.mon.glb,tslsiLut,tsLut,Emon.tslsiLut,mon,ave,land,land,Emon,Surface Temperature on Landuse Tile,,landuse,Land use change,high,area: time: mean where sector
land.vegFrac.tavg-u-hxy-u.mon.glb,vegFrac,vegFrac,Emon.vegFrac,mon,ave,land,land,Emon,Total Vegetated Percentage Cover,tier1,land_benchmarking_and_landcover_variables_tier1,Benchmarking and Attributing Changes to Global Carbon and other Biogeochemical Cycles,high,area: time: mean
land.vegHeight.tavg-u-hxy-veg.mon.glb,vegHeight,vegHeight,Emon.vegHeight,mon,ave,land,land,Emon,Height of the Vegetation Canopy,tier2,land_benchmarking_and_landcover_variables_tier2,Benchmarking and Attributing Changes to Global Carbon and other Biogeochemical Cycles,high,area: time: mean where vegetation (mask=vegFrac)
land.vegHeight.tavg-u-hxy-ng.mon.glb,vegHeightGrass,vegHeight,Emon.vegHeightGrass,mon,ave,land,land,Emon,Height of Grass,tier2,land_benchmarking_and_landcover_variables_tier2,Benchmarking and Attributing Changes to Global Carbon and other Biogeochemical Cycles,high,area: time: mean where natural_grasses (mask=grassFrac)
land.vegHeight.tavg-u-hxy-shb.mon.glb,vegHeightShrub,vegHeight,Emon.vegHeightShrub,mon,ave,land,land,Emon,Height of Shrubs,tier2,land_benchmarking_and_landcover_variables_tier2,Benchmarking and Attributing Changes to Global Carbon and other Biogeochemical Cycles,high,area: time: mean where shrubs (mask=shrubFrac)
land.vegHeight.tavg-u-hxy-tree.mon.glb,vegHeightTree,vegHeight,Emon.vegHeightTree,mon,ave,land,land,Emon,Height of Trees,tier2,FireMIP_monthly;land_benchmarking_and_landcover_variables_tier2,Benchmarking and Attributing Changes to Global Carbon and other Biogeochemical Cycles;Role of fire in the Earth system,high,area: time: mean where trees (mask=treeFrac)
land.wetlandCH4.tavg-u-hxy-lnd.mon.glb,wetlandCH4,wetlandCH4,Emon.wetlandCH4,mon,ave,land,land,Emon,Grid Averaged Methane Emissions from Wetlands,tier2,land_benchmarking_and_landcover_variables_tier2;land_ch4_fluxes,Benchmarking and Attributing Changes to Global Carbon and other Biogeochemical Cycles,high,area: mean where land time: mean
land.wetlandCH4cons.tavg-u-hxy-lnd.mon.glb,wetlandCH4cons,wetlandCH4cons,Emon.wetlandCH4cons,mon,ave,land,land,Emon,Grid Averaged Methane Consumption (Methanotrophy) from Wetlands,tier2,land_benchmarking_and_landcover_variables_tier2;land_ch4_fluxes,Benchmarking and Attributing Changes to Global Carbon and other Biogeochemical Cycles,high,area: mean where land time: mean
land.wetlandCH4prod.tavg-u-hxy-lnd.mon.glb,wetlandCH4prod,wetlandCH4prod,Emon.wetlandCH4prod,mon,ave,land,land,Emon,Grid Averaged Methane Production (Methanogenesis) from Wetlands,tier2,land_benchmarking_and_landcover_variables_tier2;land_ch4_fluxes,Benchmarking and Attributing Changes to Global Carbon and other Biogeochemical Cycles,high,area: mean where land time: mean
land.wetlandFrac.tavg-u-hxy-u.mon.glb,wetlandFrac,wetlandFrac,Emon.wetlandFrac,mon,ave,land,land,Emon,Wetland Percentage Cover,tier2,land_benchmarking_and_landcover_variables_tier2;land_ch4_fluxes,Benchmarking and Attributing Changes to Global Carbon and other Biogeochemical Cycles,high,area: time: mean
land.baresoilFrac.tavg-u-hxy-u.yr.glb,baresoilFrac,baresoilFrac,Eyr.baresoilFrac,yr,ave,land,land,Eyr,Bare Soil Percentage Area Coverage,,DCPP_Wider;landuse,Diagnosing temperature variability and extremes;Land use change;Multi-annual-to-decadal predictability of the Earth System and risk assessment of climate extremes,high,area: time: mean
land.cLitterLut.tpt-u-hxy-multi.yr.glb,cLitterLut,cLitterLut,Eyr.cLitterLut,yr,inst,land,land,Eyr,Carbon  in Above and Below-Ground Litter Pools on Land-Use Tiles,,landuse,Land use change,high,area: mean where sector time: point
land.cProductLut.tpt-u-hxy-multi.yr.glb,cProductLut,cProductLut,Eyr.cProductLut,yr,inst,land,land,Eyr,Wood and Agricultural Product Pool Carbon Associated with Land-Use Tiles,,landuse,Land use change,high,area: mean where sector time: point
land.cSoilLut.tpt-u-hxy-multi.yr.glb,cSoilLut,cSoilLut,Eyr.cSoilLut,yr,inst,land,land,Eyr,Carbon in Soil Pool on Land-Use Tiles,,landuse,Land use change,high,area: mean where sector time: point
land.cVegLut.tpt-u-hxy-multi.yr.glb,cVegLut,cVegLut,Eyr.cVegLut,yr,inst,land,land,Eyr,Carbon in Vegetation on Land-Use Tiles,,landuse,Land use change,high,area: mean where sector time: point
land.cropFrac.tavg-u-hxy-u.yr.glb,cropFrac,cropFrac,Eyr.cropFrac,yr,ave,land,land,Eyr,Percentage Crop Cover,,DCPP_Wider;landuse,Diagnosing temperature variability and extremes;Land use change;Multi-annual-to-decadal predictability of the Earth System and risk assessment of climate extremes,high,area: time: mean
land.fracInLut.tsum-u-hxy-lnd.yr.glb,fracInLut,fracInLut,Eyr.fracInLut,yr,ave,land,land,Eyr,Annual Gross Percentage That Was Transferred into This Tile from Other Land-Use Tiles,,landuse,Land use change,high,area: mean where land over all_area_types time: sum
land.fracLut.tpt-u-hxy-u.yr.glb,fracLut,fracLut,Eyr.fracLut,yr,inst,land,land,Eyr,Percentage of Grid Cell for Each Land-Use Tile,,landuse,Land use change,high,area: mean time: point
land.fracOutLut.tsum-u-hxy-lnd.yr.glb,fracOutLut,fracOutLut,Eyr.fracOutLut,yr,ave,land,land,Eyr,Annual Gross Percentage of Land-Use Tile That Was Transferred into Other Land-Use Tiles,,landuse,Land use change,high,area: mean where land over all_area_types time: sum
land.grassFrac.tavg-u-hxy-u.yr.glb,grassFrac,grassFrac,Eyr.grassFrac,yr,ave,land,land,Eyr,Natural Grass Area Percentage,,DCPP_Wider;landuse,Diagnosing temperature variability and extremes;Land use change;Multi-annual-to-decadal predictability of the Earth System and risk assessment of climate extremes,high,area: time: mean
land.residualFrac.tavg-u-hxy-u.yr.glb,residualFrac,residualFrac,Eyr.residualFrac,yr,ave,land,land,Eyr,Percentage of Grid Cell That Is Land but neither Vegetation Covered nor Bare Soil,,DCPP_Wider,Diagnosing temperature variability and extremes;Multi-annual-to-decadal predictability of the Earth System and risk assessment of climate extremes,high,area: time: mean
land.shrubFrac.tavg-u-hxy-u.yr.glb,shrubFrac,shrubFrac,Eyr.shrubFrac,yr,ave,land,land,Eyr,Percentage Cover by Shrub,,DCPP_Wider;landuse,Diagnosing temperature variability and extremes;Land use change;Multi-annual-to-decadal predictability of the Earth System and risk assessment of climate extremes,high,area: time: mean
land.treeFrac.tavg-u-hxy-u.yr.glb,treeFrac,treeFrac,Eyr.treeFrac,yr,ave,land,land,Eyr,Tree Cover Percentage,,DCPP_Wider;landuse,Diagnosing temperature variability and extremes;Land use change;Multi-annual-to-decadal predictability of the Earth System and risk assessment of climate extremes,high,area: time: mean
land.vegFrac.tavg-u-hxy-u.yr.glb,vegFrac,vegFrac,Eyr.vegFrac,yr,ave,land,land,Eyr,Total Vegetated Percentage Cover,,DCPP_Wider,Diagnosing temperature variability and extremes;Multi-annual-to-decadal predictability of the Earth System and risk assessment of climate extremes,high,area: time: mean
landIce.hfdsn.tavg-u-hxy-lnd.day.glb,hfdsn,hfdsn,Eday.hfdsn,day,ave,landIce,landIce land,Eday,Downward Heat Flux into Snow Where Land over Land,,snow_allfreq,"Assessments for Hydrological Processes, Water Resources, and Freshwater Systems",high,area: mean where land time: mean
landIce.lwsnl.tavg-u-hxy-lnd.day.glb,lwsnl,lwsnl,Eday.lwsnl,day,ave,landIce,landIce land,Eday,Liquid Water Content of Snow Layer,,snow_allfreq,"Assessments for Hydrological Processes, Water Resources, and Freshwater Systems",high,area: mean where land time: mean
landIce.pflw.tavg-u-hxy-lnd.day.glb,pflw,pflw,Eday.pflw,day,ave,landIce,landIce land,Eday,Liquid Water Content of Permafrost Layer,,hydrology,"Assessments for Hydrological Processes, Water Resources, and Freshwater Systems",high,area: mean where land time: mean
landIce.sbl.tavg-u-hxy-u.day.glb,sbl,sbl,Eday.sbl,day,ave,landIce,landIce,Eday,Surface Snow and Ice Sublimation Flux,,snow_allfreq,"Assessments for Hydrological Processes, Water Resources, and Freshwater Systems",high,area: time: mean
landIce.snc.tavg-u-hxy-lnd.day.glb,snc,snc,day.snc,day,ave,landIce,landIce land,day,Snow Area Percentage,,hydrology;snow_allfreq,"Assessments for Hydrological Processes, Water Resources, and Freshwater Systems",high,area: mean where land time: mean
landIce.snd.tavg-u-hxy-lnd.day.glb,snd,snd,Eday.snd,day,ave,landIce,landIce land,Eday,Snow Depth,,DCPP_Wider;hydrology;snow_allfreq,"Assessments for Hydrological Processes, Water Resources, and Freshwater Systems;Diagnosing temperature variability and extremes;Multi-annual-to-decadal predictability of the Earth System and risk assessment of climate extremes",high,area: mean where land time: mean
landIce.snm.tavg-u-hxy-lnd.day.glb,snm,snm,Eday.snm,day,ave,landIce,landIce land,Eday,Surface Snow Melt,,hydrology;snow_allfreq,"Assessments for Hydrological Processes, Water Resources, and Freshwater Systems",high,area: mean where land time: mean
landIce.snw.tavg-u-hxy-lnd.day.glb,snw,snw,day.snw,day,ave,landIce,landIce land,day,Surface Snow Amount,,HealthFloodingDaily;hydrology;snow_allfreq,"Assessments for Hydrological Processes, Water Resources, and Freshwater Systems;Health Impacts",high;medium,area: mean where land time: mean
landIce.tpf.tavg-u-hxy-lnd.day.glb,tpf,tpf,Eday.tpf,day,ave,landIce,landIce land,Eday,Permafrost Layer Thickness,,hydrology,"Assessments for Hydrological Processes, Water Resources, and Freshwater Systems",high,area: mean where land time: mean
landIce.tsn.tavg-u-hxy-lnd.day.glb,tsn,tsn,Eday.tsn,day,ave,landIce,landIce land,Eday,Snow Internal Temperature,,snow_allfreq,"Assessments for Hydrological Processes, Water Resources, and Freshwater Systems",high,depth: area: time: mean where land (weighted by snow mass on land)
landIce.agesno.tavg-u-hxy-lnd.mon.glb,agesno,agesno,LImon.agesno,mon,ave,landIce,landIce land,LImon,Mean Age of Snow,,snow_allfreq,"Assessments for Hydrological Processes, Water Resources, and Freshwater Systems",high,area: mean where land time: mean (weighted by snow mass on land)
landIce.hfdsn.tavg-u-hxy-lnd.mon.glb,hfdsn,hfdsn,LImon.hfdsn,mon,ave,landIce,landIce land,LImon,Downward Heat Flux into Snow Where Land over Land,,snow_allfreq,"Assessments for Hydrological Processes, Water Resources, and Freshwater Systems",high,area: mean where land time: mean
landIce.lwsnl.tavg-u-hxy-lnd.mon.glb,lwsnl,lwsnl,LImon.lwsnl,mon,ave,landIce,landIce land,LImon,Liquid Water Content of Snow Layer,,snow_allfreq,"Assessments for Hydrological Processes, Water Resources, and Freshwater Systems",high,area: mean where land time: mean
landIce.mrfso.tavg-u-hxy-lnd.mon.glb,mrfso,mrfso,Lmon.mrfso,mon,ave,landIce,landIce land,Lmon,Soil Frozen Water Content,,DCPP_Essential;baseline_monthly,Atmospheric dynamics and variability;Baseline Climate Variables for Earth System Modelling;Diagnosing temperature variability and extremes;Multi-annual-to-decadal predictability of the Earth System and risk assessment of climate extremes;Robust Risk Assessment of Tipping Points,high;medium,area: mean where land time: mean
landIce.pflw.tavg-u-hxy-lnd.mon.glb,pflw,pflw,LImon.pflw,mon,ave,landIce,landIce land,LImon,Liquid Water Content of Permafrost Layer,,FireMIP_monthly,Role of fire in the Earth system,high,area: mean where land time: mean
landIce.sbl.tavg-u-hxy-lnd.mon.glb,sbl,sbl,LImon.sbl,mon,ave,landIce,landIce,LImon,Surface Snow and Ice Sublimation Flux,,snow_allfreq,"Assessments for Hydrological Processes, Water Resources, and Freshwater Systems",high,area: mean where land time: mean
landIce.sbl.tavg-u-hxy-u.mon.glb,sbl,sbl,Amon.sbl,mon,ave,landIce,landIce,Amon,Surface Snow and Ice Sublimation Flux,,snow_allfreq,"Assessments for Hydrological Processes, Water Resources, and Freshwater Systems",high,area: time: mean
landIce.snc.tavg-u-hxy-lnd.mon.glb,snc,snc,LImon.snc,mon,ave,landIce,landIce land,LImon,Snow Area Percentage,,baseline_monthly;snow_allfreq,"Assessments for Hydrological Processes, Water Resources, and Freshwater Systems;Atmospheric dynamics and variability;Baseline Climate Variables for Earth System Modelling;Robust Risk Assessment of Tipping Points",high;medium,area: mean where land time: mean
landIce.snd.tavg-u-hxy-lnd.mon.glb,snd,snd,LImon.snd,mon,ave,landIce,landIce land,LImon,Snow Depth,,DCPP_Essential;FireMIP_monthly;snow_allfreq,"Assessments for Hydrological Processes, Water Resources, and Freshwater Systems;Diagnosing temperature variability and extremes;Multi-annual-to-decadal predictability of the Earth System and risk assessment of climate extremes;Role of fire in the Earth system",high,area: mean where land time: mean
landIce.snm.tavg-u-hxy-lnd.mon.glb,snm,snm,LImon.snm,mon,ave,landIce,landIce land,LImon,Surface Snow Melt,,FireMIP_monthly;snow_allfreq,"Assessments for Hydrological Processes, Water Resources, and Freshwater Systems;Role of fire in the Earth system",high,area: mean where land time: mean
landIce.snw.tavg-u-hxy-lnd.mon.glb,snw,snw,LImon.snw,mon,ave,landIce,landIce land,LImon,Surface Snow Amount,tier1,DAMIP_monthly;baseline_monthly;land_benchmarking_and_landcover_variables_tier1;snow_allfreq,"Assessments for Hydrological Processes, Water Resources, and Freshwater Systems;Atmospheric dynamics and variability;Baseline Climate Variables for Earth System Modelling;Benchmarking and Attributing Changes to Global Carbon and other Biogeochemical Cycles;Detection and Attribution;Robust Risk Assessment of Tipping Points",high;medium,area: mean where land time: mean
landIce.sootsn.tavg-u-hxy-lnd.mon.glb,sootsn,sootsn,LImon.sootsn,mon,ave,landIce,landIce land,LImon,Snow Soot Content,,FireMIP_monthly;snow_allfreq,"Assessments for Hydrological Processes, Water Resources, and Freshwater Systems;Role of fire in the Earth system",high,area: mean where land time: mean
landIce.tpf.tavg-u-hxy-lnd.mon.glb,tpf,tpf,LImon.tpf,mon,ave,landIce,landIce land,LImon,Permafrost Layer Thickness,,FireMIP_monthly,Role of fire in the Earth system,high,area: mean where land time: mean
landIce.tsn.tavg-u-hxy-lnd.mon.glb,tsn,tsn,LImon.tsn,mon,ave,landIce,landIce land,LImon,Snow Internal Temperature,,snow_allfreq,"Assessments for Hydrological Processes, Water Resources, and Freshwater Systems",high,depth: area: time: mean where land (weighted by snow mass on land)
ocean.ficeberg.tavg-ol-hxy-sea.3hr.glb,ficeberg,ficeberg,3hr.ficeberg,3hr,ave,ocean,ocean,3hr,Water Flux into Sea Water from Icebergs,,ISIMIP_oceanforcing_3hr,Climate impacts on marine biodiversity and ecosystems,medium,area: mean where sea time: mean
ocean.flandice.tavg-u-hxy-sea.3hr.glb,flandice,flandice,3hr.flandice,3hr,ave,ocean,ocean,3hr,Water Flux into Sea Water from Land Ice,,ISIMIP_oceanforcing_3hr,Climate impacts on marine biodiversity and ecosystems,medium,area: mean where sea time: mean
ocean.friver.tavg-u-hxy-sea.3hr.glb,friver,friver,3hr.friver,3hr,ave,ocean,ocean,3hr,Water Flux into Sea Water from Rivers,,ISIMIP_oceanforcing_3hr,Climate impacts on marine biodiversity and ecosystems,medium,area: mean where sea time: mean
ocean.hfds.tavg-u-hxy-sea.3hr.glb,hfds,hfds,3hr.hfds,3hr,ave,ocean,ocean,3hr,Downward Heat Flux at Sea Water Surface,,ISIMIP_oceanforcing_3hr,Climate impacts on marine biodiversity and ecosystems,medium,area: mean where sea time: mean
ocean.hfrunoffds.tavg-ol-hxy-sea.3hr.glb,hfrunoffds,hfrunoffds,3hr.hfrunoffds,3hr,ave,ocean,ocean,3hr,Temperature Flux Due to Runoff Expressed as Heat Flux into Sea Water,,ISIMIP_oceanforcing_3hr,Climate impacts on marine biodiversity and ecosystems,medium,area: mean where sea time: mean
ocean.rsntds.tavg-u-hxy-sea.3hr.glb,rsntds,rsntds,3hr.rsntds,3hr,ave,ocean,ocean,3hr,Net Downward Shortwave Radiation at Sea Water Surface,,ISIMIP_oceanforcing_3hr,Climate impacts on marine biodiversity and ecosystems,medium,area: mean where sea time: mean
ocean.sfdsi.tavg-u-hxy-sea.3hr.glb,sfdsi,sfdsi,3hr.sfdsi,3hr,ave,ocean,ocean seaIce,3hr,Downward Sea Ice Basal Salt Flux,,ISIMIP_oceanforcing_3hr,Climate impacts on marine biodiversity and ecosystems,medium,area: mean where sea time: mean
ocean.tauuo.tavg-u-hxy-sea.3hr.glb,tauuo,tauuo,3hr.tauuo,3hr,ave,ocean,ocean,3hr,Sea Water Surface Downward X Stress,,ISIMIP_oceanforcing_3hr;dynamical_downscaling_ocean_air_sea_forcing,Climate impacts on marine biodiversity and ecosystems;Dynamical Downscaling (CORDEX),high;medium,area: mean where sea time: mean
ocean.tauvo.tavg-u-hxy-sea.3hr.glb,tauvo,tauvo,3hr.tauvo,3hr,ave,ocean,ocean,3hr,Sea Water Surface Downward Y Stress,,ISIMIP_oceanforcing_3hr;dynamical_downscaling_ocean_air_sea_forcing,Climate impacts on marine biodiversity and ecosystems;Dynamical Downscaling (CORDEX),high;medium,area: mean where sea time: mean
ocean.tos.tpt-u-hxy-sea.3hr.glb,tos,tos,3hr.tos,3hr,inst,ocean,ocean,3hr,Sea Surface Temperature,,ocean_temperature_extremes,Ocean Extremes,medium,area: mean where sea time: point
ocean.wfo.tavg-u-hxy-sea.3hr.glb,wfo,wfo,3hr.wfo,3hr,ave,ocean,ocean,3hr,Water Flux into Sea Water,,ISIMIP_oceanforcing_3hr,Climate impacts on marine biodiversity and ecosystems,medium,area: mean where sea time: mean
ocean.bigthetao.tavg-op20bar-hxy-sea.day.glb,bigthetao200,bigthetao,Oday.bigthetao200,day,ave,ocean,ocean,Oday,Sea Water Conservative Temperature at 200 meters,,ocean_temperature_extremes,Ocean Extremes,medium,area: mean where sea time: mean
ocean.hfx.tavg-u-hxy-sea.day.glb,hfxint,hfx,Oday.hfxint,day,ave,ocean,ocean,Oday,Vertically Integrated Ocean Heat X Transport,,ocean_mesoscale,"Ocean changes, drivers and impacts",high,area: mean where sea depth: sum where sea (over entire ocean column) time: mean
ocean.hfy.tavg-u-hxy-sea.day.glb,hfyint,hfy,Oday.hfyint,day,ave,ocean,ocean,Oday,Vertically Integrated Ocean Heat Y Transport,,ocean_mesoscale,"Ocean changes, drivers and impacts",high,area: mean where sea depth: sum where sea (over entire ocean column) time: mean
ocean.mlotst.tavg-u-hxy-sea.day.glb,mlotst,mlotst,Eday.mlotst,day,ave,ocean,ocean,Eday,Ocean Mixed Layer Thickness Defined by Delta Sigma T of 0.03 kg m-3 referenced to the model level closest to 10 m depth,,DCPP_Wider;biodiv_marine_daily;ocean_mesoscale,"Climate impacts on marine biodiversity and ecosystems;Diagnosing temperature variability and extremes;Multi-annual-to-decadal predictability of the Earth System and risk assessment of climate extremes;Ocean changes, drivers and impacts",high;medium,area: mean where sea time: mean
ocean.rsdo.tavg-ol-hxy-sea.day.glb,rsdo,rsdo,Oday.rsdo,day,ave,ocean,ocean,Oday,Downwelling Shortwave Radiation in Sea Water,,biodiv_marine_daily,Climate impacts on marine biodiversity and ecosystems,medium,area: mean where sea time: mean
ocean.so.tavg-ol-hxy-sea.day.glb,so,so,Oday.so,day,ave,ocean,ocean,Oday,Sea Water Salinity,,biodiv_marine_daily,Climate impacts on marine biodiversity and ecosystems,medium,area: mean where sea time: mean
ocean.sos.tavg-u-hxy-sea.day.glb,sos,sos,Oday.sos,day,ave,ocean,ocean,Oday,Sea Surface Salinity,,baseline_daily;ocean_mesoscale;omip_scalars_high_priority,"Atmospheric dynamics and variability;Baseline Climate Variables for Earth System Modelling;Ocean changes, drivers and impacts;Robust Risk Assessment of Tipping Points",high;medium,area: mean where sea time: mean
ocean.t20d.tavg-u-hxy-sea.day.glb,t20d,t20d,Eday.t20d,day,ave,ocean,ocean,Eday,Depth of 20 degree Celsius Isotherm,,DCPP_Wider,Diagnosing temperature variability and extremes;Multi-annual-to-decadal predictability of the Earth System and risk assessment of climate extremes,high,area: mean where sea time: mean
ocean.thetao.tavg-op20bar-hxy-sea.day.glb,thetao200,thetao,Oday.thetao200,day,ave,ocean,ocean,Oday,Sea Water Potential Temperature at 200 meters,,DCPP_Wider;biodiv_marine_daily;ocean_mesoscale;ocean_temperature_extremes,"Climate impacts on marine biodiversity and ecosystems;Diagnosing temperature variability and extremes;Multi-annual-to-decadal predictability of the Earth System and risk assessment of climate extremes;Ocean Extremes;Ocean changes, drivers and impacts",high;medium,area: mean where sea time: mean
ocean.tos.tavg-u-hxy-sea.day.glb,tos,tos,Oday.tos,day,ave,ocean,ocean,Oday,Sea Surface Temperature,,DCPP_Essential;baseline_daily;biodiv_marine_daily;dynamical_downscaling_core;hydrology;ocean_mesoscale;omip_scalars_high_priority,"Assessments for Hydrological Processes, Water Resources, and Freshwater Systems;Atmospheric dynamics and variability;Baseline Climate Variables for Earth System Modelling;Climate impacts on marine biodiversity and ecosystems;Diagnosing temperature variability and extremes;Dynamical Downscaling (CORDEX);Multi-annual-to-decadal predictability of the Earth System and risk assessment of climate extremes;Ocean changes, drivers and impacts;Robust Risk Assessment of Tipping Points",high;medium,area: mean where sea time: mean
ocean.tossq.tavg-u-hxy-sea.day.glb,tossq,tossq,Oday.tossq,day,ave,ocean,ocean,Oday,Square of Sea Surface Temperature,,ocean_temperature_extremes,Ocean Extremes,medium,area: mean where sea time: mean
ocean.uos.tavg-u-hxy-sea.day.glb,uos,uos,Oday.uos,day,ave,ocean,ocean,Oday,Daily Surface Sea Water X Velocity,,biodiv_marine_daily;ocean_mesoscale,"Climate impacts on marine biodiversity and ecosystems;Ocean changes, drivers and impacts",high;medium,area: mean where sea time: mean
ocean.vos.tavg-u-hxy-sea.day.glb,vos,vos,Oday.vos,day,ave,ocean,ocean,Oday,Daily Surface Sea Water Y Velocity,,biodiv_marine_daily;ocean_mesoscale,"Climate impacts on marine biodiversity and ecosystems;Ocean changes, drivers and impacts",high;medium,area: mean where sea time: mean
ocean.wo.tavg-ol-hxy-sea.day.glb,wo,wo,Oday.wo,day,ave,ocean,ocean,Oday,Sea Water Vertical Velocity,,biodiv_marine_daily,Climate impacts on marine biodiversity and ecosystems,medium,area: mean where sea time: mean
ocean.zos.tavg-u-hxy-sea.day.glb,zos,zos,Oday.zos,day,ave,ocean,ocean,Oday,Sea Surface Height Above Geoid,,baseline_daily;ocean_mesoscale;omip_scalars_high_priority,"Atmospheric dynamics and variability;Baseline Climate Variables for Earth System Modelling;Ocean changes, drivers and impacts;Robust Risk Assessment of Tipping Points",high;medium,area: mean where sea time: mean
ocean.bigthetao.tavg-ol-hxy-sea.dec.glb,bigthetao,bigthetao,Odec.bigthetao,dec,ave,ocean,ocean,Odec,Sea Water Conservative Temperature,,omip_scalars_high_priority,"Ocean changes, drivers and impacts",high,area: mean where sea time: mean
ocean.masscello.tavg-ol-hxy-sea.dec.glb,masscello,masscello,Odec.masscello,dec,ave,ocean,ocean,Odec,Ocean Grid-Cell Mass per Area,,omip_scalars_high_priority,"Ocean changes, drivers and impacts",high,area: mean where sea time: mean
ocean.masso.tavg-u-hm-sea.dec.glb,masso,masso,Odec.masso,dec,ave,ocean,ocean,Odec,Sea Water Mass,,omip_scalars_high_priority,"Ocean changes, drivers and impacts",high,area: sum where sea time: mean
ocean.so.tavg-ol-hxy-sea.dec.glb,so,so,Odec.so,dec,ave,ocean,ocean,Odec,Sea Water Salinity,,omip_scalars_high_priority,"Ocean changes, drivers and impacts",high,area: mean where sea time: mean
ocean.tauuo.tavg-u-hxy-sea.dec.glb,tauuo,tauuo,Odec.tauuo,dec,ave,ocean,ocean,Odec,Sea Water Surface Downward X Stress,,omip_momentum_fluxes_high_priority,"Ocean changes, drivers and impacts",high,area: mean where sea time: mean
ocean.tauvo.tavg-u-hxy-sea.dec.glb,tauvo,tauvo,Odec.tauvo,dec,ave,ocean,ocean,Odec,Sea Water Surface Downward Y Stress,,omip_momentum_fluxes_high_priority,"Ocean changes, drivers and impacts",high,area: mean where sea time: mean
ocean.thetao.tavg-ol-hxy-sea.dec.glb,thetao,thetao,Odec.thetao,dec,ave,ocean,ocean,Odec,Sea Water Potential Temperature,,omip_scalars_high_priority,"Ocean changes, drivers and impacts",high,area: mean where sea time: mean
ocean.thkcello.tavg-ol-hxy-sea.dec.glb,thkcello,thkcello,Odec.thkcello,dec,ave,ocean,ocean,Odec,Ocean Model Cell Thickness,,ocean_grid,Detection and Attribution;Earth's Energy Budget;Water cycle/budget assessment,high,area: mean where sea time: mean
ocean.volcello.tavg-ol-hxy-sea.dec.glb,volcello,volcello,Odec.volcello,dec,ave,ocean,ocean,Odec,Ocean Grid-Cell Volume,,ocean_grid,Detection and Attribution;Earth's Energy Budget;Water cycle/budget assessment,high,area: sum where sea time: mean
ocean.volo.tavg-u-hm-sea.dec.glb,volo,volo,Odec.volo,dec,ave,ocean,ocean,Odec,Sea Water Volume,,omip_scalars_high_priority,"Ocean changes, drivers and impacts",high,depth: area: sum where sea time: mean
ocean.areacello.ti-u-hxy-u.fx.glb,areacello,areacello,Ofx.areacello,fx,unknown,ocean,ocean,Ofx,Grid-Cell Area for Ocean Variables,,baseline_fixed;marine_bgc_baseline;marine_bgc_seaice;ocean_grid;seaice_budget_area_monthly;seaice_budget_energy_monthly;seaice_budget_freshwater_monthly;seaice_budget_mass_monthly;seaice_dynamics_basic;seaice_state_daily_basic;seaice_state_monthly_basic,"Atmospheric dynamics and variability;Baseline Climate Variables for Earth System Modelling;Changes in marine biogeochemical cycles and ecosystem processes;Climate impacts on marine biodiversity and ecosystems;Detection and Attribution;Earth's Energy Budget;Ocean changes, drivers and impacts;Robust Risk Assessment of Tipping Points;Sea ice changes, drivers and impacts;Water cycle/budget assessment",high;medium,area: sum
ocean.basin.ti-u-hxy-u.fx.glb,basin,basin,Ofx.basin,fx,unknown,ocean,ocean,Ofx,Region Selection Index,,baseline_fixed;ocean_grid,Atmospheric dynamics and variability;Baseline Climate Variables for Earth System Modelling;Detection and Attribution;Earth's Energy Budget;Robust Risk Assessment of Tipping Points;Water cycle/budget assessment,high;medium,area: mean
ocean.deptho.ti-u-hxy-sea.fx.glb,deptho,deptho,Ofx.deptho,fx,unknown,ocean,ocean,Ofx,Sea Floor Depth Below Geoid,,baseline_fixed;biodiv_marine_daily;ocean_grid,Atmospheric dynamics and variability;Baseline Climate Variables for Earth System Modelling;Climate impacts on marine biodiversity and ecosystems;Detection and Attribution;Earth's Energy Budget;Robust Risk Assessment of Tipping Points;Water cycle/budget assessment,high;medium,area: mean where sea
ocean.hfgeou.ti-u-hxy-sea.fx.glb,hfgeou,hfgeou,Ofx.hfgeou,fx,unknown,ocean,ocean,Ofx,Upward Geothermal Heat Flux at Sea Floor,,baseline_fixed;omip_scalars_high_priority,"Atmospheric dynamics and variability;Baseline Climate Variables for Earth System Modelling;Ocean changes, drivers and impacts;Robust Risk Assessment of Tipping Points",high;medium,area: mean where sea
ocean.masscello.ti-ol-hxy-sea.fx.glb,masscello,masscello,Ofx.masscello,fx,unknown,ocean,ocean,Ofx,Ocean Grid-Cell Mass per Area,,baseline_fixed;marine_bgc_baseline,Atmospheric dynamics and variability;Baseline Climate Variables for Earth System Modelling;Changes in marine biogeochemical cycles and ecosystem processes;Climate impacts on marine biodiversity and ecosystems;Robust Risk Assessment of Tipping Points,high;medium,area: mean where sea
ocean.sftof.ti-u-hxy-u.fx.glb,sftof,sftof,Ofx.sftof,fx,unknown,ocean,ocean,Ofx,Sea Area Percentage,,baseline_fixed;marine_bgc_seaice;omip_scalars_high_priority;seaice_budget_area_monthly;seaice_budget_energy_monthly;seaice_budget_freshwater_monthly;seaice_budget_mass_monthly;seaice_dynamics_basic;seaice_state_daily_basic;seaice_state_monthly_basic,"Atmospheric dynamics and variability;Baseline Climate Variables for Earth System Modelling;Changes in marine biogeochemical cycles and ecosystem processes;Earth's Energy Budget;Ocean changes, drivers and impacts;Robust Risk Assessment of Tipping Points;Sea ice changes, drivers and impacts;Water cycle/budget assessment",high;medium,area: mean
ocean.thkcello.ti-ol-hxy-sea.fx.glb,thkcello,thkcello,Ofx.thkcello,fx,unknown,ocean,ocean,Ofx,Ocean Model Cell Thickness,,baseline_fixed;marine_bgc_baseline;ocean_grid,Atmospheric dynamics and variability;Baseline Climate Variables for Earth System Modelling;Changes in marine biogeochemical cycles and ecosystem processes;Climate impacts on marine biodiversity and ecosystems;Detection and Attribution;Earth's Energy Budget;Robust Risk Assessment of Tipping Points;Water cycle/budget assessment,high;medium,area: mean where sea
ocean.volcello.ti-ol-hxy-sea.fx.glb,volcello,volcello,Ofx.volcello,fx,unknown,ocean,ocean,Ofx,Ocean Grid-Cell Volume,,marine_bgc_baseline;ocean_grid,Changes in marine biogeochemical cycles and ecosystem processes;Climate impacts on marine biodiversity and ecosystems;Detection and Attribution;Earth's Energy Budget;Water cycle/budget assessment,high;medium,area: sum where sea
ocean.absscint.tavg-op4-hxy-sea.mon.glb,absscint,absscint,Omon.absscint,mon,ave,ocean,ocean,Omon,Integral wrt depth of seawater absolute salinity expressed as salt mass content,,int_ocean_budgets,"Ocean changes, drivers and impacts",high,area: time: mean where sea
ocean.agessc.tavg-ol-hxy-sea.mon.glb,agessc,agessc,Omon.agessc,mon,ave,ocean,ocean,Omon,Sea Water Age Since Surface Contact,,omip_scalars_high_priority,"Ocean changes, drivers and impacts",high,area: mean where sea time: mean
ocean.bigthetao.tavg-ol-hxy-sea.mon.glb,bigthetao,bigthetao,Omon.bigthetao,mon,ave,ocean,ocean,Omon,Sea Water Conservative Temperature,,baseline_monthly;omip_scalars_high_priority,"Atmospheric dynamics and variability;Baseline Climate Variables for Earth System Modelling;Ocean changes, drivers and impacts;Robust Risk Assessment of Tipping Points",high;medium,area: mean where sea time: mean
ocean.bigthetao.tavg-u-hm-sea.mon.glb,bigthetaoga,bigthetao,Omon.bigthetaoga,mon,ave,ocean,ocean,Omon,Global Average Sea Water Conservative Temperature,,omip_scalars_high_priority,"Ocean changes, drivers and impacts",high,area: mean where sea time: mean
ocean.chcint.tavg-op4-hxy-sea.mon.glb,chcint,chcint,Omon.chcint,mon,ave,ocean,ocean,Omon,Depth Integrated Seawater Conservative Temperature Expressed As Heat Content,,int_ocean_budgets,"Ocean changes, drivers and impacts",high,area: time: mean where sea
ocean.ficeberg.tavg-ol-hxy-sea.mon.glb,ficeberg,ficeberg,Omon.ficeberg,mon,ave,ocean,ocean,Omon,Water Flux into Sea Water from Icebergs,,dynamical_downscaling_ocean_core,Dynamical Downscaling (CORDEX),high,area: mean where sea time: mean
ocean.friver.tavg-u-hxy-sea.mon.glb,friver,friver,Omon.friver,mon,ave,ocean,ocean,Omon,Water Flux into Sea Water from Rivers,,dynamical_downscaling_ocean_core;hydrology,"Assessments for Hydrological Processes, Water Resources, and Freshwater Systems;Dynamical Downscaling (CORDEX)",high,area: mean where sea time: mean
ocean.hfbasin.tavg-u-hyb-sea.mon.glb,hfbasin,hfbasin,Omon.hfbasin,mon,ave,ocean,ocean,Omon,Northward Ocean Heat Transport,,DAMIP_monthly;DCPP_Essential;omip_transports_high_priority,"Detection and Attribution;Diagnosing temperature variability and extremes;Multi-annual-to-decadal predictability of the Earth System and risk assessment of climate extremes;Ocean changes, drivers and impacts",high,depth: longitude: sum where sea (along a zig-zag grid path spanning a basin) where sea time: mean
ocean.hfbasinpadv.tavg-u-hyb-sea.mon.glb,hfbasinpadv,hfbasinpadv,Omon.hfbasinpadv,mon,ave,ocean,ocean,Omon,Northward Ocean Heat Transport Due to Parameterized Eddy Advection,,omip_transports_high_priority,"Ocean changes, drivers and impacts",high,depth: longitude: sum where sea (along a zig-zag grid path spanning a basin) where sea time: mean
ocean.hfbasinpmadv.tavg-u-hyb-sea.mon.glb,hfbasinpmadv,hfbasinpmadv,Omon.hfbasinpmadv,mon,ave,ocean,ocean,Omon,Northward Ocean Heat Transport Due to Parameterized Mesoscale Advection,,omip_transports_high_priority,"Ocean changes, drivers and impacts",high,depth: longitude: sum where sea (along a zig-zag grid path spanning a basin) where sea time: mean
ocean.hfbasinpmdiff.tavg-u-hyb-sea.mon.glb,hfbasinpmdiff,hfbasinpmdiff,Omon.hfbasinpmdiff,mon,ave,ocean,ocean,Omon,Northward Ocean Heat Transport Due to Parameterized Mesoscale Diffusion,,omip_transports_high_priority,"Ocean changes, drivers and impacts",high,depth: longitude: sum where sea (along a zig-zag grid path spanning a basin) where sea time: mean
ocean.hfbasinpsmadv.tavg-u-hyb-sea.mon.glb,hfbasinpsmadv,hfbasinpsmadv,Omon.hfbasinpsmadv,mon,ave,ocean,ocean,Omon,Northward Ocean Heat Transport Due to Parameterized Submesoscale Advection,,omip_transports_high_priority,"Ocean changes, drivers and impacts",high,depth: longitude: sum where sea (along a zig-zag grid path spanning a basin) where sea time: mean
ocean.hfds.tavg-u-hxy-sea.mon.glb,hfds,hfds,Omon.hfds,mon,ave,ocean,ocean,Omon,Downward Heat Flux at Sea Water Surface,,DAMIP_monthly;DCPP_Essential;baseline_monthly,Atmospheric dynamics and variability;Baseline Climate Variables for Earth System Modelling;Detection and Attribution;Diagnosing temperature variability and extremes;Multi-annual-to-decadal predictability of the Earth System and risk assessment of climate extremes;Robust Risk Assessment of Tipping Points,high;medium,area: mean where sea time: mean
ocean.hfx.tavg-ol-hxy-sea.mon.glb,hfx,hfx,Omon.hfx,mon,ave,ocean,ocean,Omon,3D Ocean Heat X Transport,,ocean_mesoscale,"Ocean changes, drivers and impacts",high,area: mean where sea time: mean
ocean.hfy.tavg-ol-hxy-sea.mon.glb,hfy,hfy,Omon.hfy,mon,ave,ocean,ocean,Omon,3D Ocean Heat Y Transport,,ocean_mesoscale,"Ocean changes, drivers and impacts",high,area: mean where sea time: mean
ocean.masscello.tavg-ol-hxy-sea.mon.glb,masscello,masscello,Omon.masscello,mon,ave,ocean,ocean,Omon,Ocean Grid-Cell Mass per Area,,baseline_monthly;dynamical_downscaling_ocean_core;omip_scalars_high_priority,"Atmospheric dynamics and variability;Baseline Climate Variables for Earth System Modelling;Dynamical Downscaling (CORDEX);Ocean changes, drivers and impacts;Robust Risk Assessment of Tipping Points",high;medium,area: mean where sea time: mean
ocean.masso.tavg-u-hm-sea.mon.glb,masso,masso,Omon.masso,mon,ave,ocean,ocean,Omon,Sea Water Mass,,omip_scalars_high_priority,"Ocean changes, drivers and impacts",high,area: sum where sea time: mean
ocean.mlotst.tavg-u-hxy-sea.mon.glb,mlotst,mlotst,Omon.mlotst,mon,ave,ocean,ocean,Omon,Ocean Mixed Layer Thickness Defined by Delta Sigma T of 0.03 kg m-3 referenced to the model level closest to 10 m depth,,DCPP_Essential;FireMIP_monthly;baseline_monthly;marine_bgc_baseline;omip_scalars_high_priority,"Atmospheric dynamics and variability;Baseline Climate Variables for Earth System Modelling;Changes in marine biogeochemical cycles and ecosystem processes;Climate impacts on marine biodiversity and ecosystems;Diagnosing temperature variability and extremes;Multi-annual-to-decadal predictability of the Earth System and risk assessment of climate extremes;Ocean changes, drivers and impacts;Robust Risk Assessment of Tipping Points;Role of fire in the Earth system",high;medium,area: mean where sea time: mean
ocean.mlotst.tmax-u-hxy-sea.mon.glb,mlotstmax,mlotst,Omon.mlotstmax,mon,max,ocean,ocean,Omon,Maximum Ocean Mixed Layer Thickness Defined by Delta Sigma T of 0.03 kg m-3 referenced to the model level closest to 10 m depth,,omip_scalars_high_priority,"Ocean changes, drivers and impacts",high,area: mean where sea time: maximum
ocean.mlotst.tmin-u-hxy-sea.mon.glb,mlotstmin,mlotst,Omon.mlotstmin,mon,min,ocean,ocean,Omon,Minimum Ocean Mixed Layer Thickness Defined by Delta Sigma T of 0.03 kg m-3 referenced to the model level closest to 10 m depth,,omip_scalars_high_priority,"Ocean changes, drivers and impacts",high,area: mean where sea time: minimum
ocean.msftbarot.tavg-u-hxy-sea.mon.glb,msftbarot,msftbarot,Omon.msftbarot,mon,ave,ocean,ocean,Omon,Ocean Barotropic Mass Streamfunction,,DCPP_Essential;omip_transports_high_priority,"Diagnosing temperature variability and extremes;Multi-annual-to-decadal predictability of the Earth System and risk assessment of climate extremes;Ocean changes, drivers and impacts",high,area: mean where sea time: mean
ocean.msftm.tavg-rho-hyb-sea.mon.glb,msftmrho,msftm,Omon.msftmrho,mon,ave,ocean,ocean,Omon,Ocean Meridional Overturning Mass Streamfunction,,DAMIP_monthly;DCPP_Wider;ocean_meridional_overturning_streamfunctions;omip_transports_high_priority,"Detection and Attribution;Diagnosing temperature variability and extremes;Multi-annual-to-decadal predictability of the Earth System and risk assessment of climate extremes;Ocean changes, drivers and impacts",high,depth: longitude: sum where sea (along a zig-zag grid path spanning a basin)  time: mean
ocean.msftm.tavg-ol-hyb-sea.mon.glb,msftmz,msftm,Omon.msftmz,mon,ave,ocean,ocean,Omon,Ocean Meridional Overturning Mass Streamfunction,,DAMIP_monthly;DCPP_Essential;marine_bgc_baseline;ocean_meridional_overturning_streamfunctions;omip_transports_high_priority,"Changes in marine biogeochemical cycles and ecosystem processes;Climate impacts on marine biodiversity and ecosystems;Detection and Attribution;Diagnosing temperature variability and extremes;Multi-annual-to-decadal predictability of the Earth System and risk assessment of climate extremes;Ocean changes, drivers and impacts",high;medium,depth: longitude: sum where sea (along a zig-zag grid path spanning a basin)  time: mean
ocean.msftmmpa.tavg-ol-hyb-sea.mon.glb,msftmzmpa,msftmmpa,Omon.msftmzmpa,mon,ave,ocean,ocean,Omon,Ocean Meridional Overturning Mass Streamfunction Due to Parameterized Mesoscale Advection,,DCPP_Wider,Diagnosing temperature variability and extremes;Multi-annual-to-decadal predictability of the Earth System and risk assessment of climate extremes,high,depth: longitude: sum where sea (along a zig-zag grid path spanning a basin)  time: mean
ocean.msfty.tavg-rho-ht-sea.mon.glb,msftyrho,msfty,Omon.msftyrho,mon,ave,ocean,ocean,Omon,Ocean Y Overturning Mass Streamfunction,,ocean_meridional_overturning_streamfunctions;omip_transports_high_priority,"Ocean changes, drivers and impacts",high,grid_longitude: sum where sea time: mean
ocean.msfty.tavg-ol-ht-sea.mon.glb,msftyz,msfty,Omon.msftyz,mon,ave,ocean,ocean,Omon,Ocean Y Overturning Mass Streamfunction,,marine_bgc_baseline;ocean_meridional_overturning_streamfunctions;omip_transports_high_priority,"Changes in marine biogeochemical cycles and ecosystem processes;Climate impacts on marine biodiversity and ecosystems;Ocean changes, drivers and impacts",high;medium,grid_longitude: sum where sea time: mean
ocean.obvfsq.tavg-ol-hxy-sea.mon.glb,obvfsq,obvfsq,Omon.obvfsq,mon,ave,ocean,ocean,Omon,Square of Brunt Vaisala Frequency in Sea Water,,omip_scalars_high_priority,"Ocean changes, drivers and impacts",high,area: mean where sea time: mean
ocean.pbo.tavg-u-hxy-sea.mon.glb,pbo,pbo,Omon.pbo,mon,ave,ocean,ocean,Omon,Sea Water Pressure at Sea Floor,,omip_scalars_high_priority,"Ocean changes, drivers and impacts",high,area: mean where sea time: mean
ocean.pfscint.tavg-op4-hxy-sea.mon.glb,pfscint,pfscint,Omon.pfscint,mon,ave,ocean,ocean,Omon,Integral wrt depth of seawater preformed salinity expressed as salt mass content,,int_ocean_budgets,"Ocean changes, drivers and impacts",high,area: time: mean where sea
ocean.phcint.tavg-op4-hxy-sea.mon.glb,phcint,phcint,Omon.phcint,mon,ave,ocean,ocean,Omon,Integrated Ocean Heat Content from Potential Temperature,,int_ocean_budgets,"Ocean changes, drivers and impacts",high,area: time: mean where sea
ocean.pso.tavg-u-hxy-sea.mon.glb,pso,pso,Omon.pso,mon,ave,ocean,ocean,Omon,Sea Water Pressure at Sea Water Surface,,omip_scalars_high_priority,"Ocean changes, drivers and impacts",high,area: mean where sea time: mean
ocean.scint.tavg-op4-hxy-sea.mon.glb,scint,scint,Omon.scint,mon,ave,ocean,ocean,Omon,Integral wrt depth of seawater practical salinity expressed as salt mass content,,int_ocean_budgets,"Ocean changes, drivers and impacts",high,area: time: mean where sea
ocean.sf6.tavg-ol-hxy-sea.mon.glb,sf6,sf6,Omon.sf6,mon,ave,ocean,ocean,Omon,Mole Concentration of SF6 in Sea Water,tier2,ocean_carbon_cycle_tier2,Benchmarking and Attributing Changes to Global Carbon and other Biogeochemical Cycles,high,area: mean where sea time: mean
ocean.sfx.tavg-ol-hxy-sea.mon.glb,sfx,sfx,Omon.sfx,mon,ave,ocean,ocean,Omon,3D Ocean Salt Mass X Transport,,ocean_mesoscale,"Ocean changes, drivers and impacts",high,area: mean where sea time: mean
ocean.sfx.tavg-u-hxy-sea.mon.glb,sfxint,sfx,Omon.sfxint,mon,ave,ocean,ocean,Omon,Vertically Integrated Ocean Salt Mass X Transport,,ocean_mesoscale,"Ocean changes, drivers and impacts",high,area: mean where sea depth: sum where sea (over entire ocean column) time: mean
ocean.sfy.tavg-ol-hxy-sea.mon.glb,sfy,sfy,Omon.sfy,mon,ave,ocean,ocean,Omon,3D Ocean Salt Mass Y Transport,,ocean_mesoscale,"Ocean changes, drivers and impacts",high,area: mean where sea time: mean
ocean.sfy.tavg-u-hxy-sea.mon.glb,sfyint,sfy,Omon.sfyint,mon,ave,ocean,ocean,Omon,Vertically Integrated Ocean Salt Mass Y Transport,,ocean_mesoscale,"Ocean changes, drivers and impacts",high,area: mean where sea depth: sum where sea (over entire ocean column) time: mean
ocean.sltbasin.tavg-u-hyb-sea.mon.glb,sltbasin,sltbasin,Omon.sltbasin,mon,ave,ocean,ocean,Omon,Northward Ocean Salt Transport,,omip_transports_high_priority,"Ocean changes, drivers and impacts",high,depth: longitude: sum where sea (along a zig-zag grid path spanning a basin)  time: mean
ocean.so.tavg-ol-hxy-sea.mon.glb,so,so,Omon.so,mon,ave,ocean,ocean,Omon,Sea Water Salinity,,DAMIP_monthly;DCPP_Wider;FireMIP_monthly;baseline_monthly;dynamical_downscaling_ocean_core;marine_bgc_baseline;omip_scalars_high_priority,"Atmospheric dynamics and variability;Baseline Climate Variables for Earth System Modelling;Changes in marine biogeochemical cycles and ecosystem processes;Climate impacts on marine biodiversity and ecosystems;Detection and Attribution;Diagnosing temperature variability and extremes;Dynamical Downscaling (CORDEX);Multi-annual-to-decadal predictability of the Earth System and risk assessment of climate extremes;Ocean changes, drivers and impacts;Robust Risk Assessment of Tipping Points;Role of fire in the Earth system",high;medium,area: mean where sea time: mean
ocean.sob.tavg-u-hxy-sea.mon.glb,sob,sob,Omon.sob,mon,ave,ocean,ocean,Omon,Sea Water Salinity at Sea Floor,,marine_bgc_baseline;omip_scalars_high_priority,"Changes in marine biogeochemical cycles and ecosystem processes;Climate impacts on marine biodiversity and ecosystems;Ocean changes, drivers and impacts",high;medium,area: mean where sea time: mean
ocean.so.tavg-u-hm-sea.mon.glb,soga,so,Omon.soga,mon,ave,ocean,ocean,Omon,Global Mean Sea Water Salinity,,marine_bgc_baseline;omip_scalars_high_priority,"Changes in marine biogeochemical cycles and ecosystem processes;Climate impacts on marine biodiversity and ecosystems;Ocean changes, drivers and impacts",high;medium,area: mean where sea time: mean
ocean.sos.tavg-u-hxy-sea.mon.glb,sos,sos,Omon.sos,mon,ave,ocean,ocean,Omon,Sea Surface Salinity,,DCPP_Essential;baseline_monthly;dynamical_downscaling_ocean_core;marine_bgc_baseline;omip_scalars_high_priority,"Atmospheric dynamics and variability;Baseline Climate Variables for Earth System Modelling;Changes in marine biogeochemical cycles and ecosystem processes;Climate impacts on marine biodiversity and ecosystems;Diagnosing temperature variability and extremes;Dynamical Downscaling (CORDEX);Multi-annual-to-decadal predictability of the Earth System and risk assessment of climate extremes;Ocean changes, drivers and impacts;Robust Risk Assessment of Tipping Points",high;medium,area: mean where sea time: mean
ocean.sos.tavg-u-hm-sea.mon.glb,sosga,sos,Omon.sosga,mon,ave,ocean,ocean,Omon,Global Average Sea Surface Salinity,,omip_scalars_high_priority,"Ocean changes, drivers and impacts",high,area: mean where sea time: mean
ocean.t20d.tavg-u-hxy-sea.mon.glb,t20d,t20d,Emon.t20d,mon,ave,ocean,ocean,Emon,Depth of 20 degree Celsius Isotherm,,DCPP_Essential,Diagnosing temperature variability and extremes;Multi-annual-to-decadal predictability of the Earth System and risk assessment of climate extremes,high,area: mean where sea time: mean
ocean.tauuo.tavg-u-hxy-sea.mon.glb,tauuo,tauuo,Omon.tauuo,mon,ave,ocean,ocean,Omon,Sea Water Surface Downward X Stress,,DCPP_Wider;baseline_monthly,Atmospheric dynamics and variability;Baseline Climate Variables for Earth System Modelling;Diagnosing temperature variability and extremes;Multi-annual-to-decadal predictability of the Earth System and risk assessment of climate extremes;Robust Risk Assessment of Tipping Points,high;medium,area: mean where sea time: mean
ocean.tauvo.tavg-u-hxy-sea.mon.glb,tauvo,tauvo,Omon.tauvo,mon,ave,ocean,ocean,Omon,Sea Water Surface Downward Y Stress,,DCPP_Wider;baseline_monthly,Atmospheric dynamics and variability;Baseline Climate Variables for Earth System Modelling;Diagnosing temperature variability and extremes;Multi-annual-to-decadal predictability of the Earth System and risk assessment of climate extremes;Robust Risk Assessment of Tipping Points,high;medium,area: mean where sea time: mean
ocean.thetao.tavg-ol-hxy-sea.mon.glb,thetao,thetao,Omon.thetao,mon,ave,ocean,ocean,Omon,Sea Water Potential Temperature,,DAMIP_monthly;DCPP_Wider;FireMIP_monthly;baseline_monthly;dynamical_downscaling_ocean_core;marine_bgc_baseline;omip_scalars_high_priority,"Atmospheric dynamics and variability;Baseline Climate Variables for Earth System Modelling;Changes in marine biogeochemical cycles and ecosystem processes;Climate impacts on marine biodiversity and ecosystems;Detection and Attribution;Diagnosing temperature variability and extremes;Dynamical Downscaling (CORDEX);Multi-annual-to-decadal predictability of the Earth System and risk assessment of climate extremes;Ocean changes, drivers and impacts;Robust Risk Assessment of Tipping Points;Role of fire in the Earth system",high;medium,area: mean where sea time: mean
ocean.thetao.tavg-u-hm-sea.mon.glb,thetaoga,thetao,Omon.thetaoga,mon,ave,ocean,ocean,Omon,Global Average Sea Water Potential Temperature,,marine_bgc_baseline;omip_scalars_high_priority,"Changes in marine biogeochemical cycles and ecosystem processes;Climate impacts on marine biodiversity and ecosystems;Ocean changes, drivers and impacts",high;medium,area: mean where sea time: mean
ocean.thetaot.tavg-u-hxy-sea.mon.glb,thetaot,thetaot,Emon.thetaot,mon,ave,ocean,ocean,Emon,Vertically Averaged Sea Water Potential Temperature,,DCPP_Essential,Diagnosing temperature variability and extremes;Multi-annual-to-decadal predictability of the Earth System and risk assessment of climate extremes,high,area: depth: time: mean where sea
ocean.thetao.tavg-d2000m-hxy-sea.mon.glb,thetaot2000,thetao,Emon.thetaot2000,mon,ave,ocean,ocean,Emon,Depth Average Potential Temperature of Upper 2000m,,DCPP_Essential,Diagnosing temperature variability and extremes;Multi-annual-to-decadal predictability of the Earth System and risk assessment of climate extremes,high,area: depth: time: mean where sea
ocean.thetao.tavg-d300m-hxy-sea.mon.glb,thetaot300,thetao,Emon.thetaot300,mon,ave,ocean,ocean,Emon,Depth Average Potential Temperature of Upper 300m,,DCPP_Essential,Diagnosing temperature variability and extremes;Multi-annual-to-decadal predictability of the Earth System and risk assessment of climate extremes,high,area: depth: time: mean where sea
ocean.thetao.tavg-d700m-hxy-sea.mon.glb,thetaot700,thetao,Emon.thetaot700,mon,ave,ocean,ocean,Emon,Depth Average Potential Temperature of Upper 700m,,DCPP_Essential,Diagnosing temperature variability and extremes;Multi-annual-to-decadal predictability of the Earth System and risk assessment of climate extremes,high,area: depth: time: mean where sea
ocean.thkcello.tavg-ol-hxy-sea.mon.glb,thkcello,thkcello,Omon.thkcello,mon,ave,ocean,ocean,Omon,Ocean Model Cell Thickness,,baseline_monthly;ocean_grid,Atmospheric dynamics and variability;Baseline Climate Variables for Earth System Modelling;Detection and Attribution;Earth's Energy Budget;Robust Risk Assessment of Tipping Points;Water cycle/budget assessment,high;medium,area: mean where sea time: mean
ocean.tob.tavg-u-hxy-sea.mon.glb,tob,tob,Omon.tob,mon,ave,ocean,ocean,Omon,Sea Water Potential Temperature at Sea Floor,,marine_bgc_baseline;omip_scalars_high_priority,"Changes in marine biogeochemical cycles and ecosystem processes;Climate impacts on marine biodiversity and ecosystems;Ocean changes, drivers and impacts",high;medium,area: mean where sea time: mean
ocean.tos.tavg-u-hxy-sea.mon.glb,tos,tos,Omon.tos,mon,ave,ocean,ocean,Omon,Sea Surface Temperature,,DAMIP_monthly;DCPP_Essential;FireMIP_monthly;baseline_monthly;dynamical_downscaling_ocean_core;marine_bgc_baseline;omip_scalars_high_priority,"Atmospheric dynamics and variability;Baseline Climate Variables for Earth System Modelling;Changes in marine biogeochemical cycles and ecosystem processes;Climate impacts on marine biodiversity and ecosystems;Detection and Attribution;Diagnosing temperature variability and extremes;Dynamical Downscaling (CORDEX);Multi-annual-to-decadal predictability of the Earth System and risk assessment of climate extremes;Ocean changes, drivers and impacts;Robust Risk Assessment of Tipping Points;Role of fire in the Earth system",high;medium,area: mean where sea time: mean
ocean.tos.tavg-u-hm-sea.mon.glb,tosga,tos,Omon.tosga,mon,ave,ocean,ocean,Omon,Global Average Sea Surface Temperature,,omip_scalars_high_priority,"Ocean changes, drivers and impacts",high,area: mean where sea time: mean
ocean.umo.tavg-ol-hxy-sea.mon.glb,umo,umo,Omon.umo,mon,ave,ocean,ocean,Omon,Ocean Mass X Transport,,baseline_monthly;omip_transports_high_priority,"Atmospheric dynamics and variability;Baseline Climate Variables for Earth System Modelling;Ocean changes, drivers and impacts;Robust Risk Assessment of Tipping Points",high;medium,area: mean where sea time: mean
ocean.uo.tavg-ol-hxy-sea.mon.glb,uo,uo,Omon.uo,mon,ave,ocean,ocean,Omon,Sea Water X Velocity,,DAMIP_monthly;DCPP_Wider;baseline_monthly;dynamical_downscaling_ocean_core;marine_bgc_baseline,Atmospheric dynamics and variability;Baseline Climate Variables for Earth System Modelling;Changes in marine biogeochemical cycles and ecosystem processes;Climate impacts on marine biodiversity and ecosystems;Detection and Attribution;Diagnosing temperature variability and extremes;Dynamical Downscaling (CORDEX);Multi-annual-to-decadal predictability of the Earth System and risk assessment of climate extremes;Robust Risk Assessment of Tipping Points,high;medium,area: mean where sea time: mean
ocean.vmo.tavg-ol-hxy-sea.mon.glb,vmo,vmo,Omon.vmo,mon,ave,ocean,ocean,Omon,Ocean Mass Y Transport,,baseline_monthly;omip_transports_high_priority,"Atmospheric dynamics and variability;Baseline Climate Variables for Earth System Modelling;Ocean changes, drivers and impacts;Robust Risk Assessment of Tipping Points",high;medium,area: mean where sea time: mean
ocean.vo.tavg-ol-hxy-sea.mon.glb,vo,vo,Omon.vo,mon,ave,ocean,ocean,Omon,Sea Water Y Velocity,,DAMIP_monthly;DCPP_Wider;baseline_monthly;dynamical_downscaling_ocean_core;marine_bgc_baseline,Atmospheric dynamics and variability;Baseline Climate Variables for Earth System Modelling;Changes in marine biogeochemical cycles and ecosystem processes;Climate impacts on marine biodiversity and ecosystems;Detection and Attribution;Diagnosing temperature variability and extremes;Dynamical Downscaling (CORDEX);Multi-annual-to-decadal predictability of the Earth System and risk assessment of climate extremes;Robust Risk Assessment of Tipping Points,high;medium,area: mean where sea time: mean
ocean.volcello.tavg-ol-hxy-sea.mon.glb,volcello,volcello,Omon.volcello,mon,ave,ocean,ocean,Omon,Ocean Grid-Cell Volume,,ocean_grid,Detection and Attribution;Earth's Energy Budget;Water cycle/budget assessment,high,area: sum where sea time: mean
ocean.volo.tavg-u-hm-sea.mon.glb,volo,volo,Omon.volo,mon,ave,ocean,ocean,Omon,Sea Water Volume,,DCPP_Wider;omip_scalars_high_priority,"Diagnosing temperature variability and extremes;Multi-annual-to-decadal predictability of the Earth System and risk assessment of climate extremes;Ocean changes, drivers and impacts",high,depth: area: sum where sea time: mean
ocean.vsf.tavg-u-hxy-sea.mon.glb,vsf,vsf,Omon.vsf,mon,ave,ocean,ocean,Omon,Virtual Salt Flux into Sea Water,,DCPP_Essential,Diagnosing temperature variability and extremes;Multi-annual-to-decadal predictability of the Earth System and risk assessment of climate extremes,high,area: mean where sea time: mean
ocean.wfo.tavg-u-hxy-sea.mon.glb,wfo,wfo,Omon.wfo,mon,ave,ocean,ocean,Omon,Water Flux into Sea Water,,DCPP_Essential,Diagnosing temperature variability and extremes;Multi-annual-to-decadal predictability of the Earth System and risk assessment of climate extremes,high,area: mean where sea time: mean
ocean.wmo.tavg-ol-hxy-sea.mon.glb,wmo,wmo,Omon.wmo,mon,ave,ocean,ocean,Omon,Upward Ocean Mass Transport,,DCPP_Wider;baseline_monthly;omip_transports_high_priority,"Atmospheric dynamics and variability;Baseline Climate Variables for Earth System Modelling;Diagnosing temperature variability and extremes;Multi-annual-to-decadal predictability of the Earth System and risk assessment of climate extremes;Ocean changes, drivers and impacts;Robust Risk Assessment of Tipping Points",high;medium,area: sum where sea time: mean
ocean.wo.tavg-ol-hxy-sea.mon.glb,wo,wo,Omon.wo,mon,ave,ocean,ocean,Omon,Sea Water Vertical Velocity,,DCPP_Wider;baseline_monthly;marine_bgc_baseline,Atmospheric dynamics and variability;Baseline Climate Variables for Earth System Modelling;Changes in marine biogeochemical cycles and ecosystem processes;Climate impacts on marine biodiversity and ecosystems;Diagnosing temperature variability and extremes;Multi-annual-to-decadal predictability of the Earth System and risk assessment of climate extremes;Robust Risk Assessment of Tipping Points,high;medium,area: mean where sea time: mean
ocean.zos.tavg-u-hxy-sea.mon.glb,zos,zos,Omon.zos,mon,ave,ocean,ocean,Omon,Sea Surface Height Above Geoid,,DAMIP_monthly;DCPP_Essential;baseline_monthly;dynamical_downscaling_ocean_core;omip_scalars_high_priority;transport_impacts_essential,"Atmospheric dynamics and variability;Baseline Climate Variables for Earth System Modelling;Detection and Attribution;Diagnosing temperature variability and extremes;Dynamical Downscaling (CORDEX);Impacts of climate change on transport infrastructure;Multi-annual-to-decadal predictability of the Earth System and risk assessment of climate extremes;Ocean changes, drivers and impacts;Robust Risk Assessment of Tipping Points",high;medium,area: mean where sea time: mean
ocean.zossq.tavg-u-hxy-sea.mon.glb,zossq,zossq,Omon.zossq,mon,ave,ocean,ocean,Omon,Square of Sea Surface Height Above Geoid,,DCPP_Wider,Diagnosing temperature variability and extremes;Multi-annual-to-decadal predictability of the Earth System and risk assessment of climate extremes,high,area: mean where sea time: mean
ocean.zostoga.tavg-u-hm-sea.mon.glb,zostoga,zostoga,Omon.zostoga,mon,ave,ocean,ocean,Omon,Global Average Thermosteric Sea Level Change,,DAMIP_monthly;DCPP_Wider;baseline_monthly;dynamical_downscaling_ocean_core;omip_scalars_high_priority,"Atmospheric dynamics and variability;Baseline Climate Variables for Earth System Modelling;Detection and Attribution;Diagnosing temperature variability and extremes;Dynamical Downscaling (CORDEX);Multi-annual-to-decadal predictability of the Earth System and risk assessment of climate extremes;Ocean changes, drivers and impacts;Robust Risk Assessment of Tipping Points",high;medium,area: mean where sea time: mean
ocean.volcello.tavg-ol-hxy-sea.yr.glb,volcello,volcello,Oyr.volcello,yr,ave,ocean,ocean,Oyr,Ocean Grid-Cell Volume,,ocean_grid,Detection and Attribution;Earth's Energy Budget;Water cycle/budget assessment,high,area: sum where sea time: mean
ocean.zfullo.tavg-ol-hxy-sea.yr.glb,zfullo,zfullo,Eyr.zfullo,yr,ave,ocean,ocean,Eyr,Depth Below Geoid of Ocean Layer,,DCPP_Essential,Diagnosing temperature variability and extremes;Multi-annual-to-decadal predictability of the Earth System and risk assessment of climate extremes,high,area: mean where sea time: mean
ocnBgchem.chl.tavg-ols-hxy-sea.day.glb,chlos,chl,Oday.chlos,day,ave,ocnBgchem,ocnBgchem,Oday,Surface Mass Concentration of Total Phytoplankton Expressed as Chlorophyll in Sea Water,,DCPP_Wider;marine_bgc_baseline,Changes in marine biogeochemical cycles and ecosystem processes;Climate impacts on marine biodiversity and ecosystems;Diagnosing temperature variability and extremes;Multi-annual-to-decadal predictability of the Earth System and risk assessment of climate extremes,high;medium,area: mean where sea time: mean
ocnBgchem.co3.tavg-op20bar-hxy-sea.day.glb,co3200,co3,Oday.co3200,day,ave,ocnBgchem,ocnBgchem,Oday,Carbonate Ion Concentration,,DCPP_Wider,Diagnosing temperature variability and extremes;Multi-annual-to-decadal predictability of the Earth System and risk assessment of climate extremes,high,area: mean where sea time: mean
ocnBgchem.co3.tavg-ols-hxy-sea.day.glb,co3os,co3,Oday.co3os,day,ave,ocnBgchem,ocnBgchem,Oday,Surface Carbonate Ion Concentration,,DCPP_Wider,Diagnosing temperature variability and extremes;Multi-annual-to-decadal predictability of the Earth System and risk assessment of climate extremes,high,area: mean where sea time: mean
ocnBgchem.co3satarag.tavg-op20bar-hxy-sea.day.glb,co3satarag200,co3satarag,Oday.co3satarag200,day,ave,ocnBgchem,ocnBgchem,Oday,Mole Concentration of Carbonate Ion in Equilibrium with Pure Aragonite in Sea Water,,DCPP_Wider,Diagnosing temperature variability and extremes;Multi-annual-to-decadal predictability of the Earth System and risk assessment of climate extremes,high,area: mean where sea time: mean
ocnBgchem.co3satarag.tavg-ols-hxy-sea.day.glb,co3sataragos,co3satarag,Oday.co3sataragos,day,ave,ocnBgchem,ocnBgchem,Oday,Surface Mole Concentration of Carbonate Ion in Equilibrium with Pure Aragonite in Sea Water,,DCPP_Wider,Diagnosing temperature variability and extremes;Multi-annual-to-decadal predictability of the Earth System and risk assessment of climate extremes,high,area: mean where sea time: mean
ocnBgchem.expcob.tavg-u-hxy-sea.day.glb,expcob,expcob,Oday.expcob,day,ave,ocnBgchem,ocnBgchem,Oday,Sinking Flux of Particulate Organic Carbon Reaching the Ocean Bottom,,biodiv_marine_daily,Climate impacts on marine biodiversity and ecosystems,medium,area: mean where sea time: mean
ocnBgchem.intpoc.tavg-u-hxy-sea.day.glb,intpoc,intpoc,Oday.intpoc,day,ave,ocnBgchem,ocnBgchem,Oday,Particulate Organic Carbon Content,,biodiv_marine_daily,Climate impacts on marine biodiversity and ecosystems,medium,area: mean where sea depth: sum where sea (over entire ocean column) time: mean
ocnBgchem.intpp.tavg-u-hxy-sea.day.glb,intpp,intpp,Oday.intpp,day,ave,ocnBgchem,ocnBgchem,Oday,Primary Organic Carbon Production by All Types of Phytoplankton,,DCPP_Wider;biodiv_marine_daily;marine_bgc_baseline,Changes in marine biogeochemical cycles and ecosystem processes;Climate impacts on marine biodiversity and ecosystems;Diagnosing temperature variability and extremes;Multi-annual-to-decadal predictability of the Earth System and risk assessment of climate extremes,high;medium,area: mean where sea depth: sum where sea (over entire ocean column) time: mean
ocnBgchem.o2.tavg-op20bar-hxy-sea.day.glb,o2200,o2,Oday.o2200,day,ave,ocnBgchem,ocnBgchem,Oday,Dissolved Oxygen Concentration at 200 meters,,DCPP_Wider;biodiv_marine_daily,Climate impacts on marine biodiversity and ecosystems;Diagnosing temperature variability and extremes;Multi-annual-to-decadal predictability of the Earth System and risk assessment of climate extremes,high;medium,area: mean where sea time: mean
ocnBgchem.o2min.tavg-u-hxy-sea.day.glb,o2min,o2min,Oday.o2min,day,ave,ocnBgchem,ocnBgchem,Oday,Oxygen Minimum Concentration,,biodiv_marine_daily,Climate impacts on marine biodiversity and ecosystems,medium,area: mean where sea time: mean
ocnBgchem.o2.tavg-ols-hxy-sea.day.glb,o2os,o2,Oday.o2os,day,ave,ocnBgchem,ocnBgchem,Oday,Surface Dissolved Oxygen Concentration,,DCPP_Wider;biodiv_marine_daily,Climate impacts on marine biodiversity and ecosystems;Diagnosing temperature variability and extremes;Multi-annual-to-decadal predictability of the Earth System and risk assessment of climate extremes,high;medium,area: mean where sea time: mean
ocnBgchem.ph.tavg-op20bar-hxy-sea.day.glb,ph200,ph,Oday.ph200,day,ave,ocnBgchem,ocnBgchem,Oday,pH,,DCPP_Wider;biodiv_marine_daily,Climate impacts on marine biodiversity and ecosystems;Diagnosing temperature variability and extremes;Multi-annual-to-decadal predictability of the Earth System and risk assessment of climate extremes,high;medium,area: mean where sea time: mean
ocnBgchem.ph.tavg-ols-hxy-sea.day.glb,phos,ph,Oday.phos,day,ave,ocnBgchem,ocnBgchem,Oday,Surface pH,,DCPP_Wider,Diagnosing temperature variability and extremes;Multi-annual-to-decadal predictability of the Earth System and risk assessment of climate extremes,high,area: mean where sea time: mean
ocnBgchem.phyc.tavg-op20bar-hxy-sea.day.glb,phyc200,phyc,Oday.phyc200,day,ave,ocnBgchem,ocnBgchem,Oday,Phytoplankton Carbon Concentration,,DCPP_Wider;biodiv_marine_daily,Climate impacts on marine biodiversity and ecosystems;Diagnosing temperature variability and extremes;Multi-annual-to-decadal predictability of the Earth System and risk assessment of climate extremes,high;medium,area: mean where sea time: mean
ocnBgchem.phycalc.tavg-ol-hxy-sea.day.glb,phycalc,phycalc,Oday.phycalc,day,ave,ocnBgchem,ocnBgchem,Oday,Mole Concentration of Calcareous Phytoplankton Expressed as Carbon in Sea Water,,biodiv_marine_daily,Climate impacts on marine biodiversity and ecosystems,medium,area: mean where sea time: mean
ocnBgchem.phyc.tavg-ols-hxy-sea.day.glb,phycos,phyc,Oday.phycos,day,ave,ocnBgchem,ocnBgchem,Oday,Sea Surface Phytoplankton Carbon Concentration,,DCPP_Wider,Diagnosing temperature variability and extremes;Multi-annual-to-decadal predictability of the Earth System and risk assessment of climate extremes,high,area: mean where sea time: mean
ocnBgchem.phydiat.tavg-ols-hxy-sea.day.glb,phydiatos,phydiat,Oday.phydiatos,day,ave,ocnBgchem,ocnBgchem,Oday,Surface Mole Concentration of Diatoms Expressed as Carbon in Sea Water,,biodiv_marine_daily,Climate impacts on marine biodiversity and ecosystems,medium,area: mean where sea time: mean
ocnBgchem.phydiaz.tavg-ols-hxy-sea.day.glb,phydiazos,phydiaz,Oday.phydiazos,day,ave,ocnBgchem,ocnBgchem,Oday,Surface Mole Concentration of Diazotrophs Expressed as Carbon in Sea Water,,biodiv_marine_daily,Climate impacts on marine biodiversity and ecosystems,medium,area: mean where sea time: mean
ocnBgchem.phymisc.tavg-ols-hxy-sea.day.glb,phymiscos,phymisc,Oday.phymiscos,day,ave,ocnBgchem,ocnBgchem,Oday,Surface Mole Concentration of Miscellaneous Phytoplankton Expressed as Carbon in Sea Water,,biodiv_marine_daily,Climate impacts on marine biodiversity and ecosystems,medium,area: mean where sea time: mean
ocnBgchem.phynano.tavg-u-hxy-sea.day.glb,phynano,phynano,Oday.phynano,day,ave,ocnBgchem,ocnBgchem,Oday,Mole Concentration of Nanophytoplankton Expressed as Carbon in Sea Water,,biodiv_marine_daily,Climate impacts on marine biodiversity and ecosystems,medium,area: mean where sea time: mean
ocnBgchem.phypico.tavg-ol-hxy-sea.day.glb,phypico,phypico,Oday.phypico,day,ave,ocnBgchem,ocnBgchem,Oday,Mole Concentration of Picophytoplankton Expressed as Carbon in Sea Water,,biodiv_marine_daily,Climate impacts on marine biodiversity and ecosystems,medium,area: mean where sea time: mean
ocnBgchem.zmeso.tavg-ol-hxy-sea.day.glb,zmeso,zmeso,Oday.zmeso,day,ave,ocnBgchem,ocnBgchem,Oday,Mole Concentration of Mesozooplankton Expressed as Carbon in Sea Water,,biodiv_marine_daily,Climate impacts on marine biodiversity and ecosystems,medium,area: mean where sea time: mean
ocnBgchem.zmicro.tavg-ol-hxy-sea.day.glb,zmicro,zmicro,Oday.zmicro,day,ave,ocnBgchem,ocnBgchem,Oday,Mole Concentration of Microzooplankton Expressed as Carbon in Sea Water,,biodiv_marine_daily,Climate impacts on marine biodiversity and ecosystems,medium,area: mean where sea time: mean
ocnBgchem.zooc.tavg-ol-hxy-sea.day.glb,zooc,zooc,Oday.zooc,day,ave,ocnBgchem,ocnBgchem,Oday,Zooplankton Carbon Concentration,,biodiv_marine_daily,Climate impacts on marine biodiversity and ecosystems,medium,area: mean where sea time: mean
ocnBgchem.chl.tavg-ol-hxy-sea.mon.glb,chl,chl,Omon.chl,mon,ave,ocnBgchem,ocnBgchem,Omon,Mass Concentration of Total Phytoplankton Expressed as Chlorophyll in Sea Water,tier1,DCPP_Wider;FireMIP_monthly;dynamical_downscaling_ocean_biogeochemistry_forcing;marine_bgc_baseline;ocean_carbon_cycle_tier1,Benchmarking and Attributing Changes to Global Carbon and other Biogeochemical Cycles;Changes in marine biogeochemical cycles and ecosystem processes;Climate impacts on marine biodiversity and ecosystems;Constructing a Global Carbon Budget;Diagnosing temperature variability and extremes;Dynamical Downscaling (CORDEX);Multi-annual-to-decadal predictability of the Earth System and risk assessment of climate extremes;Role of fire in the Earth system,high;medium,area: mean where sea time: mean
ocnBgchem.chlcalc.tavg-ol-hxy-sea.mon.glb,chlcalc,chlcalc,Omon.chlcalc,mon,ave,ocnBgchem,ocnBgchem,Omon,Mass Concentration of Calcareous Phytoplankton Expressed as Chlorophyll in Sea Water,tier2,ocean_carbon_cycle_tier2,Benchmarking and Attributing Changes to Global Carbon and other Biogeochemical Cycles,high,area: mean where sea time: mean
ocnBgchem.chldiat.tavg-ol-hxy-sea.mon.glb,chldiat,chldiat,Omon.chldiat,mon,ave,ocnBgchem,ocnBgchem,Omon,Mass Concentration of Diatoms Expressed as Chlorophyll in Sea Water,tier2,dynamical_downscaling_ocean_biogeochemistry_forcing;ocean_carbon_cycle_tier2,Benchmarking and Attributing Changes to Global Carbon and other Biogeochemical Cycles;Dynamical Downscaling (CORDEX),high,area: mean where sea time: mean
ocnBgchem.chldiaz.tavg-ol-hxy-sea.mon.glb,chldiaz,chldiaz,Omon.chldiaz,mon,ave,ocnBgchem,ocnBgchem,Omon,Mass Concentration of Diazotrophs Expressed as Chlorophyll in Sea Water,tier2,dynamical_downscaling_ocean_biogeochemistry_forcing;ocean_carbon_cycle_tier2,Benchmarking and Attributing Changes to Global Carbon and other Biogeochemical Cycles;Dynamical Downscaling (CORDEX),high,area: mean where sea time: mean
ocnBgchem.chlmisc.tavg-ol-hxy-sea.mon.glb,chlmisc,chlmisc,Omon.chlmisc,mon,ave,ocnBgchem,ocnBgchem,Omon,Mass Concentration of Other Phytoplankton Expressed as Chlorophyll in Sea Water,tier2,dynamical_downscaling_ocean_biogeochemistry_forcing;ocean_carbon_cycle_tier2,Benchmarking and Attributing Changes to Global Carbon and other Biogeochemical Cycles;Dynamical Downscaling (CORDEX),high,area: mean where sea time: mean
ocnBgchem.chl.tavg-ols-hxy-sea.mon.glb,chlos,chl,Omon.chlos,mon,ave,ocnBgchem,ocnBgchem,Omon,Surface Mass Concentration of Total Phytoplankton Expressed as Chlorophyll in Sea Water,,DCPP_Essential,Diagnosing temperature variability and extremes;Multi-annual-to-decadal predictability of the Earth System and risk assessment of climate extremes,high,area: mean where sea time: mean
ocnBgchem.chlpico.tavg-ol-hxy-sea.mon.glb,chlpico,chlpico,Omon.chlpico,mon,ave,ocnBgchem,ocnBgchem,Omon,Mass Concentration of Picophytoplankton Expressed as Chlorophyll in Sea Water,tier2,dynamical_downscaling_ocean_biogeochemistry_forcing;ocean_carbon_cycle_tier2,Benchmarking and Attributing Changes to Global Carbon and other Biogeochemical Cycles;Dynamical Downscaling (CORDEX),high,area: mean where sea time: mean
ocnBgchem.detoc.tavg-ol-hxy-sea.mon.glb,detoc,detoc,Omon.detoc,mon,ave,ocnBgchem,ocnBgchem,Omon,Detrital Organic Carbon Concentration,tier1,marine_bgc_baseline;ocean_carbon_cycle_tier1,Benchmarking and Attributing Changes to Global Carbon and other Biogeochemical Cycles;Changes in marine biogeochemical cycles and ecosystem processes;Climate impacts on marine biodiversity and ecosystems;Constructing a Global Carbon Budget,high;medium,area: mean where sea time: mean
ocnBgchem.dfe.tavg-ol-hxy-sea.mon.glb,dfe,dfe,Omon.dfe,mon,ave,ocnBgchem,ocnBgchem,Omon,Dissolved Iron Concentration,tier1,DCPP_Wider;dynamical_downscaling_ocean_biogeochemistry_forcing;marine_bgc_baseline;ocean_carbon_cycle_tier1,Benchmarking and Attributing Changes to Global Carbon and other Biogeochemical Cycles;Changes in marine biogeochemical cycles and ecosystem processes;Climate impacts on marine biodiversity and ecosystems;Constructing a Global Carbon Budget;Diagnosing temperature variability and extremes;Dynamical Downscaling (CORDEX);Multi-annual-to-decadal predictability of the Earth System and risk assessment of climate extremes,high;medium,area: mean where sea time: mean
ocnBgchem.dfe.tavg-ols-hxy-sea.mon.glb,dfeos,dfe,Omon.dfeos,mon,ave,ocnBgchem,ocnBgchem,Omon,Surface Dissolved Iron Concentration,,DCPP_Essential;FireMIP_monthly,Diagnosing temperature variability and extremes;Multi-annual-to-decadal predictability of the Earth System and risk assessment of climate extremes;Role of fire in the Earth system,high,area: mean where sea time: mean
ocnBgchem.dissic.tavg-ol-hxy-sea.mon.glb,dissic,dissic,Omon.dissic,mon,ave,ocnBgchem,ocnBgchem,Omon,Dissolved Inorganic Carbon Concentration,tier1,DCPP_Wider;FireMIP_monthly;dynamical_downscaling_ocean_biogeochemistry_forcing;marine_bgc_baseline;ocean_carbon_cycle_tier1,Benchmarking and Attributing Changes to Global Carbon and other Biogeochemical Cycles;Changes in marine biogeochemical cycles and ecosystem processes;Climate impacts on marine biodiversity and ecosystems;Constructing a Global Carbon Budget;Diagnosing temperature variability and extremes;Dynamical Downscaling (CORDEX);Multi-annual-to-decadal predictability of the Earth System and risk assessment of climate extremes;Role of fire in the Earth system,high;medium,area: mean where sea time: mean
ocnBgchem.dissoc.tavg-ol-hxy-sea.mon.glb,dissoc,dissoc,Omon.dissoc,mon,ave,ocnBgchem,ocnBgchem,Omon,Dissolved Organic Carbon Concentration,tier1,DCPP_Wider;dynamical_downscaling_ocean_biogeochemistry_forcing;marine_bgc_baseline;ocean_carbon_cycle_tier1,Benchmarking and Attributing Changes to Global Carbon and other Biogeochemical Cycles;Changes in marine biogeochemical cycles and ecosystem processes;Climate impacts on marine biodiversity and ecosystems;Constructing a Global Carbon Budget;Diagnosing temperature variability and extremes;Dynamical Downscaling (CORDEX);Multi-annual-to-decadal predictability of the Earth System and risk assessment of climate extremes,high;medium,area: mean where sea time: mean
ocnBgchem.dmso.tavg-ol-hxy-sea.mon.glb,dmso,dmso,Omon.dmso,mon,ave,ocnBgchem,ocnBgchem,Omon,Mole Concentration of Dimethyl Sulphide in Sea Water,tier2,ocean_carbon_cycle_tier2,Benchmarking and Attributing Changes to Global Carbon and other Biogeochemical Cycles,high,area: mean where sea time: mean
ocnBgchem.dmso.tavg-ols-hxy-sea.mon.glb,dmsos,dmso,Omon.dmsos,mon,ave,ocnBgchem,ocnBgchem,Omon,Surface Mole Concentration of Dimethyl Sulphide in Sea Water,,marine_bgc_baseline,Changes in marine biogeochemical cycles and ecosystem processes;Climate impacts on marine biodiversity and ecosystems,high;medium,area: mean where sea time: mean
ocnBgchem.dpco2.tavg-u-hxy-sea.mon.glb,dpco2,dpco2,Omon.dpco2,mon,ave,ocnBgchem,ocnBgchem,Omon,Delta CO2 Partial Pressure,,marine_bgc_baseline,Changes in marine biogeochemical cycles and ecosystem processes;Climate impacts on marine biodiversity and ecosystems,high;medium,area: mean where sea time: mean
ocnBgchem.dpo2.tavg-u-hxy-sea.mon.glb,dpo2,dpo2,Omon.dpo2,mon,ave,ocnBgchem,ocnBgchem,Omon,Delta O2 Partial Pressure,,marine_bgc_baseline,Changes in marine biogeochemical cycles and ecosystem processes;Climate impacts on marine biodiversity and ecosystems,high;medium,area: mean where sea time: mean
ocnBgchem.expc.tavg-d100m-hxy-sea.mon.glb,epc100,expc,Omon.epc100,mon,ave,ocnBgchem,ocnBgchem,Omon,Downward Flux of Particulate Organic Carbon,tier2,DCPP_Wider;marine_bgc_baseline;ocean_carbon_cycle_tier2,Benchmarking and Attributing Changes to Global Carbon and other Biogeochemical Cycles;Changes in marine biogeochemical cycles and ecosystem processes;Climate impacts on marine biodiversity and ecosystems;Diagnosing temperature variability and extremes;Multi-annual-to-decadal predictability of the Earth System and risk assessment of climate extremes,high;medium,area: mean where sea time: mean
ocnBgchem.expc.tavg-d1000m-hxy-sea.mon.glb,epc1000,expc,Omon.epc1000,mon,ave,ocnBgchem,ocnBgchem,Omon,Downward Flux of Particulate Organic Carbon at 1000m,,marine_bgc_baseline,Changes in marine biogeochemical cycles and ecosystem processes;Climate impacts on marine biodiversity and ecosystems,high;medium,area: mean where sea time: mean
ocnBgchem.expcalc.tavg-d100m-hxy-sea.mon.glb,epcalc100,expcalc,Omon.epcalc100,mon,ave,ocnBgchem,ocnBgchem,Omon,Downward Flux of Calcite,tier2,DCPP_Wider;marine_bgc_baseline;ocean_carbon_cycle_tier2,Benchmarking and Attributing Changes to Global Carbon and other Biogeochemical Cycles;Changes in marine biogeochemical cycles and ecosystem processes;Climate impacts on marine biodiversity and ecosystems;Diagnosing temperature variability and extremes;Multi-annual-to-decadal predictability of the Earth System and risk assessment of climate extremes,high;medium,area: mean where sea time: mean
ocnBgchem.expcalc.tavg-d1000m-hxy-sea.mon.glb,epcalc1000,expcalc,Omon.epcalc1000,mon,ave,ocnBgchem,ocnBgchem,Omon,Downward Flux of Calcite at 1000m,,marine_bgc_baseline,Changes in marine biogeochemical cycles and ecosystem processes;Climate impacts on marine biodiversity and ecosystems,high;medium,area: mean where sea time: mean
ocnBgchem.epn.tavg-d100m-hxy-sea.mon.glb,epn100,epn,Omon.epn100,mon,ave,ocnBgchem,ocnBgchem,Omon,Downward Flux of Particulate Nitrogen,tier2,ocean_carbon_cycle_tier2,Benchmarking and Attributing Changes to Global Carbon and other Biogeochemical Cycles,high,area: mean where sea time: mean
ocnBgchem.epp.tavg-d100m-hxy-sea.mon.glb,epp100,epp,Omon.epp100,mon,ave,ocnBgchem,ocnBgchem,Omon,Downward Flux of Particulate Phosphorus,tier2,ocean_carbon_cycle_tier2,Benchmarking and Attributing Changes to Global Carbon and other Biogeochemical Cycles,high,area: mean where sea time: mean
ocnBgchem.epsi.tavg-d100m-hxy-sea.mon.glb,epsi100,epsi,Omon.epsi100,mon,ave,ocnBgchem,ocnBgchem,Omon,Downward Flux of Particulate Silicon,,DCPP_Wider,Diagnosing temperature variability and extremes;Multi-annual-to-decadal predictability of the Earth System and risk assessment of climate extremes,high,area: mean where sea time: mean
ocnBgchem.expc.tavg-ol-hxy-sea.mon.glb,expc,expc,Omon.expc,mon,ave,ocnBgchem,ocnBgchem,Omon,Downward Flux of Particulate Organic Carbon,tier1,DCPP_Wider;marine_bgc_carbon_sink;ocean_carbon_cycle_tier1,Benchmarking and Attributing Changes to Global Carbon and other Biogeochemical Cycles;Changes in marine biogeochemical cycles and ecosystem processes;Constructing a Global Carbon Budget;Diagnosing temperature variability and extremes;Multi-annual-to-decadal predictability of the Earth System and risk assessment of climate extremes,high,area: mean where sea time: mean
ocnBgchem.expcalc.tavg-ol-hxy-sea.mon.glb,expcalc,expcalc,Emon.expcalc,mon,ave,ocnBgchem,ocnBgchem,Emon,Downward Flux of Calcite,tier1,marine_bgc_carbon_sink;ocean_carbon_cycle_tier1,Benchmarking and Attributing Changes to Global Carbon and other Biogeochemical Cycles;Changes in marine biogeochemical cycles and ecosystem processes;Constructing a Global Carbon Budget,high,area: mean where sea time: mean
ocnBgchem.fgco2.tavg-u-hxy-sea.mon.glb,fgco2,fgco2,Omon.fgco2,mon,ave,ocnBgchem,ocnBgchem,Omon,Surface Downward Mass Flux of Carbon as CO2 [kgC m-2 s-1],tier1,DAMIP_monthly;DCPP_Essential;DCPP_Wider;FireMIP_monthly;marine_bgc_baseline;ocean_carbon_cycle_tier1,Benchmarking and Attributing Changes to Global Carbon and other Biogeochemical Cycles;Changes in marine biogeochemical cycles and ecosystem processes;Climate impacts on marine biodiversity and ecosystems;Constructing a Global Carbon Budget;Detection and Attribution;Diagnosing temperature variability and extremes;Multi-annual-to-decadal predictability of the Earth System and risk assessment of climate extremes;Role of fire in the Earth system,high;medium,area: mean where sea time: mean
ocnBgchem.fgdms.tavg-u-hxy-sea.mon.glb,fgdms,fgdms,Omon.fgdms,mon,ave,ocnBgchem,ocnBgchem,Omon,Surface Upward Flux of DMS,tier2,ocean_carbon_cycle_tier2,Benchmarking and Attributing Changes to Global Carbon and other Biogeochemical Cycles,high,area: mean where sea time: mean
ocnBgchem.fric.tavg-u-hxy-sea.mon.glb,fric,fric,Omon.fric,mon,ave,ocnBgchem,ocnBgchem,Omon,Downward Inorganic Carbon Flux at Ocean Bottom,tier2,marine_bgc_baseline;ocean_carbon_cycle_tier2,Benchmarking and Attributing Changes to Global Carbon and other Biogeochemical Cycles;Changes in marine biogeochemical cycles and ecosystem processes;Climate impacts on marine biodiversity and ecosystems,high;medium,area: mean where sea time: mean
ocnBgchem.froc.tavg-u-hxy-sea.mon.glb,froc,froc,Omon.froc,mon,ave,ocnBgchem,ocnBgchem,Omon,Downward Organic Carbon Flux at Ocean Bottom,tier2,marine_bgc_baseline;ocean_carbon_cycle_tier2,Benchmarking and Attributing Changes to Global Carbon and other Biogeochemical Cycles;Changes in marine biogeochemical cycles and ecosystem processes;Climate impacts on marine biodiversity and ecosystems,high;medium,area: mean where sea time: mean
ocnBgchem.fsfe.tavg-u-hxy-sea.mon.glb,fsfe,fsfe,Omon.fsfe,mon,ave,ocnBgchem,ocnBgchem,Omon,Surface Downward Net Flux of Iron,,dynamical_downscaling_ocean_air_sea_biogeochemistry_forcing,Dynamical Downscaling (CORDEX),high,area: mean where sea time: mean
ocnBgchem.fsn.tavg-u-hxy-sea.mon.glb,fsn,fsn,Omon.fsn,mon,ave,ocnBgchem,ocnBgchem,Omon,Surface Downward Net Flux of Nitrogen,,dynamical_downscaling_ocean_air_sea_biogeochemistry_forcing,Dynamical Downscaling (CORDEX),high,area: mean where sea time: mean
ocnBgchem.graz.tavg-ol-hxy-sea.mon.glb,graz,graz,Omon.graz,mon,ave,ocnBgchem,ocnBgchem,Omon,Total Grazing of Phytoplankton by Zooplankton,tier2,marine_bgc_baseline;ocean_carbon_cycle_tier2,Benchmarking and Attributing Changes to Global Carbon and other Biogeochemical Cycles;Changes in marine biogeochemical cycles and ecosystem processes;Climate impacts on marine biodiversity and ecosystems,high;medium,area: mean where sea time: mean
ocnBgchem.icfriver.tavg-u-hxy-sea.mon.glb,icfriver,icfriver,Omon.icfriver,mon,ave,ocnBgchem,ocnBgchem,Omon,Flux of Inorganic Carbon into Ocean Surface by Runoff,tier2,dynamical_downscaling_ocean_biogeochemistry_forcing;ocean_carbon_cycle_tier2,Benchmarking and Attributing Changes to Global Carbon and other Biogeochemical Cycles;Dynamical Downscaling (CORDEX),high,area: mean where sea time: mean
ocnBgchem.intpp.tavg-u-hxy-sea.mon.glb,intpp,intpp,Omon.intpp,mon,ave,ocnBgchem,ocnBgchem,Omon,Primary Organic Carbon Production by All Types of Phytoplankton,tier1,DCPP_Essential;DCPP_Wider;marine_bgc_baseline;ocean_carbon_cycle_tier1,Benchmarking and Attributing Changes to Global Carbon and other Biogeochemical Cycles;Changes in marine biogeochemical cycles and ecosystem processes;Climate impacts on marine biodiversity and ecosystems;Constructing a Global Carbon Budget;Diagnosing temperature variability and extremes;Multi-annual-to-decadal predictability of the Earth System and risk assessment of climate extremes,high;medium,area: mean where sea depth: sum where sea (over entire ocean column) time: mean
ocnBgchem.intppcalc.tavg-u-hxy-sea.mon.glb,intppcalc,intppcalc,Omon.intppcalc,mon,ave,ocnBgchem,ocnBgchem,Omon,Net Primary Mole Productivity of Carbon by Calcareous Phytoplankton,tier2,marine_bgc_fishmip;ocean_carbon_cycle_tier2,Benchmarking and Attributing Changes to Global Carbon and other Biogeochemical Cycles;Changes in marine biogeochemical cycles and ecosystem processes;Climate impacts on marine biodiversity and ecosystems,high;medium,area: mean where sea depth: sum where sea (over entire ocean column) time: mean
ocnBgchem.intppdiat.tavg-u-hxy-sea.mon.glb,intppdiat,intppdiat,Omon.intppdiat,mon,ave,ocnBgchem,ocnBgchem,Omon,Net Primary Organic Carbon Production by Diatoms,tier2,marine_bgc_fishmip;ocean_carbon_cycle_tier2,Benchmarking and Attributing Changes to Global Carbon and other Biogeochemical Cycles;Changes in marine biogeochemical cycles and ecosystem processes;Climate impacts on marine biodiversity and ecosystems,high;medium,area: mean where sea depth: sum where sea (over entire ocean column) time: mean
ocnBgchem.intppdiaz.tavg-u-hxy-sea.mon.glb,intppdiaz,intppdiaz,Omon.intppdiaz,mon,ave,ocnBgchem,ocnBgchem,Omon,Net Primary Mole Productivity of Carbon by Diazotrophs,tier2,marine_bgc_fishmip;ocean_carbon_cycle_tier2,Benchmarking and Attributing Changes to Global Carbon and other Biogeochemical Cycles;Changes in marine biogeochemical cycles and ecosystem processes;Climate impacts on marine biodiversity and ecosystems,high;medium,area: mean where sea depth: sum where sea (over entire ocean column) time: mean
ocnBgchem.intppmisc.tavg-u-hxy-sea.mon.glb,intppmisc,intppmisc,Omon.intppmisc,mon,ave,ocnBgchem,ocnBgchem,Omon,Net Primary Organic Carbon Production by Other Phytoplankton,tier2,marine_bgc_fishmip;ocean_carbon_cycle_tier2,Benchmarking and Attributing Changes to Global Carbon and other Biogeochemical Cycles;Changes in marine biogeochemical cycles and ecosystem processes;Climate impacts on marine biodiversity and ecosystems,high;medium,area: mean where sea depth: sum where sea (over entire ocean column) time: mean
ocnBgchem.intppnano.tavg-u-hxy-sea.mon.glb,intppnano,intppnano,Omon.intppnano,mon,ave,ocnBgchem,ocnBgchem,Omon,Net Primary Organic Carbon Production by Nanophytoplankton,,marine_bgc_fishmip,Changes in marine biogeochemical cycles and ecosystem processes;Climate impacts on marine biodiversity and ecosystems,high;medium,area: mean where sea depth: sum where sea (over entire ocean column) time: mean
ocnBgchem.intppnitrate.tavg-u-hxy-sea.mon.glb,intppnitrate,intppnitrate,Omon.intppnitrate,mon,ave,ocnBgchem,ocnBgchem,Omon,Primary Organic Carbon Production by Phytoplankton Based on Nitrate Uptake Alone,tier2,ocean_carbon_cycle_tier2,Benchmarking and Attributing Changes to Global Carbon and other Biogeochemical Cycles,high,area: mean where sea depth: sum where sea (over entire ocean column) time: mean
ocnBgchem.intpppico.tavg-u-hxy-sea.mon.glb,intpppico,intpppico,Omon.intpppico,mon,ave,ocnBgchem,ocnBgchem,Omon,Net Primary Mole Productivity of Carbon by Picophytoplankton,tier2,marine_bgc_fishmip;ocean_carbon_cycle_tier2,Benchmarking and Attributing Changes to Global Carbon and other Biogeochemical Cycles;Changes in marine biogeochemical cycles and ecosystem processes;Climate impacts on marine biodiversity and ecosystems,high;medium,area: mean where sea depth: sum where sea (over entire ocean column) time: mean
ocnBgchem.limfecalc.tavg-u-hxy-sea.mon.glb,limfecalc,limfecalc,Omon.limfecalc,mon,ave,ocnBgchem,ocnBgchem,Omon,Iron Limitation of Calcareous Phytoplankton,,marine_bgc_pp_uncertainty,Changes in marine biogeochemical cycles and ecosystem processes,high,area: mean where sea time: mean
ocnBgchem.limfediat.tavg-u-hxy-sea.mon.glb,limfediat,limfediat,Omon.limfediat,mon,ave,ocnBgchem,ocnBgchem,Omon,Iron Limitation of Diatoms,,marine_bgc_pp_uncertainty,Changes in marine biogeochemical cycles and ecosystem processes,high,area: mean where sea time: mean
ocnBgchem.limfediaz.tavg-u-hxy-sea.mon.glb,limfediaz,limfediaz,Omon.limfediaz,mon,ave,ocnBgchem,ocnBgchem,Omon,Iron Limitation of Diazotrophs,,marine_bgc_pp_uncertainty,Changes in marine biogeochemical cycles and ecosystem processes,high,area: mean where sea time: mean
ocnBgchem.limfemisc.tavg-u-hxy-sea.mon.glb,limfemisc,limfemisc,Omon.limfemisc,mon,ave,ocnBgchem,ocnBgchem,Omon,Iron Limitation of Other Phytoplankton,,marine_bgc_pp_uncertainty,Changes in marine biogeochemical cycles and ecosystem processes,high,area: mean where sea time: mean
ocnBgchem.limfepico.tavg-u-hxy-sea.mon.glb,limfepico,limfepico,Omon.limfepico,mon,ave,ocnBgchem,ocnBgchem,Omon,Iron Limitation of Picophytoplankton,,marine_bgc_pp_uncertainty,Changes in marine biogeochemical cycles and ecosystem processes,high,area: mean where sea time: mean
ocnBgchem.limirrcalc.tavg-u-hxy-sea.mon.glb,limirrcalc,limirrcalc,Omon.limirrcalc,mon,ave,ocnBgchem,ocnBgchem,Omon,Irradiance Limitation of Calcareous Phytoplankton,,marine_bgc_pp_uncertainty,Changes in marine biogeochemical cycles and ecosystem processes,high,area: mean where sea time: mean
ocnBgchem.limirrdiat.tavg-u-hxy-sea.mon.glb,limirrdiat,limirrdiat,Omon.limirrdiat,mon,ave,ocnBgchem,ocnBgchem,Omon,Irradiance Limitation of Diatoms,,marine_bgc_pp_uncertainty,Changes in marine biogeochemical cycles and ecosystem processes,high,area: mean where sea time: mean
ocnBgchem.limirrdiaz.tavg-u-hxy-sea.mon.glb,limirrdiaz,limirrdiaz,Omon.limirrdiaz,mon,ave,ocnBgchem,ocnBgchem,Omon,Irradiance Limitation of Diazotrophs,,marine_bgc_pp_uncertainty,Changes in marine biogeochemical cycles and ecosystem processes,high,area: mean where sea time: mean
ocnBgchem.limirrmisc.tavg-u-hxy-sea.mon.glb,limirrmisc,limirrmisc,Omon.limirrmisc,mon,ave,ocnBgchem,ocnBgchem,Omon,Irradiance Limitation of Other Phytoplankton,,marine_bgc_pp_uncertainty,Changes in marine biogeochemical cycles and ecosystem processes,high,area: mean where sea time: mean
ocnBgchem.limirrpico.tavg-u-hxy-sea.mon.glb,limirrpico,limirrpico,Omon.limirrpico,mon,ave,ocnBgchem,ocnBgchem,Omon,Irradiance Limitation of Picophytoplankton,,marine_bgc_pp_uncertainty,Changes in marine biogeochemical cycles and ecosystem processes,high,area: mean where sea time: mean
ocnBgchem.limncalc.tavg-u-hxy-sea.mon.glb,limncalc,limncalc,Omon.limncalc,mon,ave,ocnBgchem,ocnBgchem,Omon,Nitrogen Limitation of Calcareous Phytoplankton,,marine_bgc_pp_uncertainty,Changes in marine biogeochemical cycles and ecosystem processes,high,area: mean where sea time: mean
ocnBgchem.limndiat.tavg-u-hxy-sea.mon.glb,limndiat,limndiat,Omon.limndiat,mon,ave,ocnBgchem,ocnBgchem,Omon,Nitrogen Limitation of Diatoms,,marine_bgc_pp_uncertainty,Changes in marine biogeochemical cycles and ecosystem processes,high,area: mean where sea time: mean
ocnBgchem.limndiaz.tavg-u-hxy-sea.mon.glb,limndiaz,limndiaz,Omon.limndiaz,mon,ave,ocnBgchem,ocnBgchem,Omon,Nitrogen Limitation of Diazotrophs,,marine_bgc_pp_uncertainty,Changes in marine biogeochemical cycles and ecosystem processes,high,area: mean where sea time: mean
ocnBgchem.limnmisc.tavg-u-hxy-sea.mon.glb,limnmisc,limnmisc,Omon.limnmisc,mon,ave,ocnBgchem,ocnBgchem,Omon,Nitrogen Limitation of Other Phytoplankton,,marine_bgc_pp_uncertainty,Changes in marine biogeochemical cycles and ecosystem processes,high,area: mean where sea time: mean
ocnBgchem.limnpico.tavg-u-hxy-sea.mon.glb,limnpico,limnpico,Omon.limnpico,mon,ave,ocnBgchem,ocnBgchem,Omon,Nitrogen Limitation of Picophytoplankton,,marine_bgc_pp_uncertainty,Changes in marine biogeochemical cycles and ecosystem processes,high,area: mean where sea time: mean
ocnBgchem.nh4.tavg-ol-hxy-sea.mon.glb,nh4,nh4,Omon.nh4,mon,ave,ocnBgchem,ocnBgchem,Omon,Dissolved Ammonium Concentration,tier1,DCPP_Wider;marine_bgc_baseline;ocean_carbon_cycle_tier1,Benchmarking and Attributing Changes to Global Carbon and other Biogeochemical Cycles;Changes in marine biogeochemical cycles and ecosystem processes;Climate impacts on marine biodiversity and ecosystems;Constructing a Global Carbon Budget;Diagnosing temperature variability and extremes;Multi-annual-to-decadal predictability of the Earth System and risk assessment of climate extremes,high;medium,area: mean where sea time: mean
ocnBgchem.no3.tavg-ol-hxy-sea.mon.glb,no3,no3,Omon.no3,mon,ave,ocnBgchem,ocnBgchem,Omon,Dissolved Nitrate Concentration,tier1,DCPP_Wider;FireMIP_monthly;dynamical_downscaling_ocean_biogeochemistry_forcing;marine_bgc_baseline;ocean_carbon_cycle_tier1,Benchmarking and Attributing Changes to Global Carbon and other Biogeochemical Cycles;Changes in marine biogeochemical cycles and ecosystem processes;Climate impacts on marine biodiversity and ecosystems;Constructing a Global Carbon Budget;Diagnosing temperature variability and extremes;Dynamical Downscaling (CORDEX);Multi-annual-to-decadal predictability of the Earth System and risk assessment of climate extremes;Role of fire in the Earth system,high;medium,area: mean where sea time: mean
ocnBgchem.no3.tavg-ols-hxy-sea.mon.glb,no3os,no3,Omon.no3os,mon,ave,ocnBgchem,ocnBgchem,Omon,Surface Dissolved Nitrate Concentration,,DCPP_Wider,Diagnosing temperature variability and extremes;Multi-annual-to-decadal predictability of the Earth System and risk assessment of climate extremes,high,area: mean where sea time: mean
ocnBgchem.o2.tavg-ol-hxy-sea.mon.glb,o2,o2,Omon.o2,mon,ave,ocnBgchem,ocnBgchem,Omon,Dissolved Oxygen Concentration,tier1,DCPP_Wider;dynamical_downscaling_ocean_biogeochemistry_forcing;marine_bgc_baseline;ocean_carbon_cycle_tier1,Benchmarking and Attributing Changes to Global Carbon and other Biogeochemical Cycles;Changes in marine biogeochemical cycles and ecosystem processes;Climate impacts on marine biodiversity and ecosystems;Constructing a Global Carbon Budget;Diagnosing temperature variability and extremes;Dynamical Downscaling (CORDEX);Multi-annual-to-decadal predictability of the Earth System and risk assessment of climate extremes,high;medium,area: mean where sea time: mean
ocnBgchem.o2.tavg-ols-hxy-sea.mon.glb,o2os,o2,Omon.o2os,mon,ave,ocnBgchem,ocnBgchem,Omon,Surface Dissolved Oxygen Concentration,,DCPP_Wider,Diagnosing temperature variability and extremes;Multi-annual-to-decadal predictability of the Earth System and risk assessment of climate extremes,high,area: mean where sea time: mean
ocnBgchem.o2sat.tavg-ol-hxy-sea.mon.glb,o2sat,o2sat,Omon.o2sat,mon,ave,ocnBgchem,ocnBgchem,Omon,Dissolved Oxygen Concentration at Saturation,,marine_bgc_carbon_sink,Changes in marine biogeochemical cycles and ecosystem processes,high,area: mean where sea time: mean
ocnBgchem.ocfriver.tavg-u-hxy-sea.mon.glb,ocfriver,ocfriver,Omon.ocfriver,mon,ave,ocnBgchem,ocnBgchem,Omon,Flux of Organic Carbon into Ocean Surface by Runoff,,dynamical_downscaling_ocean_biogeochemistry_forcing,Dynamical Downscaling (CORDEX),high,area: mean where sea time: mean
ocnBgchem.ph.tavg-ol-hxy-sea.mon.glb,ph,ph,Omon.ph,mon,ave,ocnBgchem,ocnBgchem,Omon,pH,tier1,DCPP_Wider;marine_bgc_baseline;ocean_carbon_cycle_tier1,Benchmarking and Attributing Changes to Global Carbon and other Biogeochemical Cycles;Changes in marine biogeochemical cycles and ecosystem processes;Climate impacts on marine biodiversity and ecosystems;Constructing a Global Carbon Budget;Diagnosing temperature variability and extremes;Multi-annual-to-decadal predictability of the Earth System and risk assessment of climate extremes,high;medium,area: mean where sea time: mean
ocnBgchem.phyc.tavg-ol-hxy-sea.mon.glb,phyc,phyc,Omon.phyc,mon,ave,ocnBgchem,ocnBgchem,Omon,Phytoplankton Carbon Concentration,tier1,DCPP_Wider;dynamical_downscaling_ocean_biogeochemistry_forcing;marine_bgc_baseline;ocean_carbon_cycle_tier1,Benchmarking and Attributing Changes to Global Carbon and other Biogeochemical Cycles;Changes in marine biogeochemical cycles and ecosystem processes;Climate impacts on marine biodiversity and ecosystems;Constructing a Global Carbon Budget;Diagnosing temperature variability and extremes;Dynamical Downscaling (CORDEX);Multi-annual-to-decadal predictability of the Earth System and risk assessment of climate extremes,high;medium,area: mean where sea time: mean
ocnBgchem.phycalc.tavg-ol-hxy-sea.mon.glb,phycalc,phycalc,Omon.phycalc,mon,ave,ocnBgchem,ocnBgchem,Omon,Mole Concentration of Calcareous Phytoplankton Expressed as Carbon in Sea Water,tier2,dynamical_downscaling_ocean_biogeochemistry_forcing;marine_bgc_baseline;ocean_carbon_cycle_tier2,Benchmarking and Attributing Changes to Global Carbon and other Biogeochemical Cycles;Changes in marine biogeochemical cycles and ecosystem processes;Climate impacts on marine biodiversity and ecosystems;Dynamical Downscaling (CORDEX),high;medium,area: mean where sea time: mean
ocnBgchem.phyc.tavg-ols-hxy-sea.mon.glb,phycos,phyc,Omon.phycos,mon,ave,ocnBgchem,ocnBgchem,Omon,Sea Surface Phytoplankton Carbon Concentration,,DCPP_Wider;dynamical_downscaling_ocean_biogeochemistry_forcing,Diagnosing temperature variability and extremes;Dynamical Downscaling (CORDEX);Multi-annual-to-decadal predictability of the Earth System and risk assessment of climate extremes,high,area: mean where sea time: mean
ocnBgchem.phydiat.tavg-ol-hxy-sea.mon.glb,phydiat,phydiat,Omon.phydiat,mon,ave,ocnBgchem,ocnBgchem,Omon,Mole Concentration of Diatoms Expressed as Carbon in Sea Water,tier2,dynamical_downscaling_ocean_biogeochemistry_forcing;marine_bgc_baseline;ocean_carbon_cycle_tier2,Benchmarking and Attributing Changes to Global Carbon and other Biogeochemical Cycles;Changes in marine biogeochemical cycles and ecosystem processes;Climate impacts on marine biodiversity and ecosystems;Dynamical Downscaling (CORDEX),high;medium,area: mean where sea time: mean
ocnBgchem.phydiaz.tavg-ol-hxy-sea.mon.glb,phydiaz,phydiaz,Omon.phydiaz,mon,ave,ocnBgchem,ocnBgchem,Omon,Mole Concentration of Diazotrophs Expressed as Carbon in Sea Water,,dynamical_downscaling_ocean_biogeochemistry_forcing,Dynamical Downscaling (CORDEX),high,area: mean where sea time: mean
ocnBgchem.phymisc.tavg-ol-hxy-sea.mon.glb,phymisc,phymisc,Omon.phymisc,mon,ave,ocnBgchem,ocnBgchem,Omon,Mole Concentration of Miscellaneous Phytoplankton Expressed as Carbon in Sea Water,tier2,dynamical_downscaling_ocean_biogeochemistry_forcing;marine_bgc_baseline;ocean_carbon_cycle_tier2,Benchmarking and Attributing Changes to Global Carbon and other Biogeochemical Cycles;Changes in marine biogeochemical cycles and ecosystem processes;Climate impacts on marine biodiversity and ecosystems;Dynamical Downscaling (CORDEX),high;medium,area: mean where sea time: mean
ocnBgchem.phypico.tavg-ol-hxy-sea.mon.glb,phypico,phypico,Omon.phypico,mon,ave,ocnBgchem,ocnBgchem,Omon,Mole Concentration of Picophytoplankton Expressed as Carbon in Sea Water,tier2,dynamical_downscaling_ocean_biogeochemistry_forcing;marine_bgc_baseline;ocean_carbon_cycle_tier2,Benchmarking and Attributing Changes to Global Carbon and other Biogeochemical Cycles;Changes in marine biogeochemical cycles and ecosystem processes;Climate impacts on marine biodiversity and ecosystems;Dynamical Downscaling (CORDEX),high;medium,area: mean where sea time: mean
ocnBgchem.po4.tavg-ol-hxy-sea.mon.glb,po4,po4,Omon.po4,mon,ave,ocnBgchem,ocnBgchem,Omon,Total Dissolved Inorganic Phosphorus Concentration,tier1,DCPP_Wider;FireMIP_monthly;dynamical_downscaling_ocean_biogeochemistry_forcing;marine_bgc_baseline;ocean_carbon_cycle_tier1,Benchmarking and Attributing Changes to Global Carbon and other Biogeochemical Cycles;Changes in marine biogeochemical cycles and ecosystem processes;Climate impacts on marine biodiversity and ecosystems;Constructing a Global Carbon Budget;Diagnosing temperature variability and extremes;Dynamical Downscaling (CORDEX);Multi-annual-to-decadal predictability of the Earth System and risk assessment of climate extremes;Role of fire in the Earth system,high;medium,area: mean where sea time: mean
ocnBgchem.pp.tavg-ols-hxy-sea.mon.glb,ppos,pp,Omon.ppos,mon,ave,ocnBgchem,ocnBgchem,Omon,Primary Carbon Production by Phytoplankton,,DCPP_Wider,Diagnosing temperature variability and extremes;Multi-annual-to-decadal predictability of the Earth System and risk assessment of climate extremes,high,area: mean where sea time: mean
ocnBgchem.si.tavg-ol-hxy-sea.mon.glb,si,si,Omon.si,mon,ave,ocnBgchem,ocnBgchem,Omon,Total Dissolved Inorganic Silicon Concentration,tier1,DCPP_Wider;dynamical_downscaling_ocean_biogeochemistry_forcing;marine_bgc_baseline;ocean_carbon_cycle_tier1,Benchmarking and Attributing Changes to Global Carbon and other Biogeochemical Cycles;Changes in marine biogeochemical cycles and ecosystem processes;Climate impacts on marine biodiversity and ecosystems;Constructing a Global Carbon Budget;Diagnosing temperature variability and extremes;Dynamical Downscaling (CORDEX);Multi-annual-to-decadal predictability of the Earth System and risk assessment of climate extremes,high;medium,area: mean where sea time: mean
ocnBgchem.sialgc.tavg-u-hxy-si.mon.glb,sialgc,sialgc,SImon.sialgc,mon,ave,ocnBgchem,ocnBgchem seaIce,SImon,Total Ice Algal Carbon Amount in Sea Ice,,marine_bgc_seaice,Changes in marine biogeochemical cycles and ecosystem processes,high,area: mean where sea_ice (mask=siconc) depth: sum where sea_ice time: mean
ocnBgchem.sichl.tavg-u-hxy-si.mon.glb,sichl,sichl,SImon.sichl,mon,ave,ocnBgchem,ocnBgchem seaIce,SImon,Amount of Total Ice Algae Expressed as Chlorophyll in Sea Ice,,marine_bgc_seaice,Changes in marine biogeochemical cycles and ecosystem processes,high,area: mean where sea_ice (mask=siconc) depth: sum where sea_ice time: mean
ocnBgchem.sigpp.tavg-u-hxy-si.mon.glb,sigpp,sigpp,SImon.sigpp,mon,ave,ocnBgchem,ocnBgchem seaIce,SImon,Gross Primary Productivity in Sea Ice as Carbon Amount Flux,,marine_bgc_seaice,Changes in marine biogeochemical cycles and ecosystem processes,high,area: time: mean where sea_ice (mask=siconc)
ocnBgchem.sino3.tavg-u-hxy-si.mon.glb,sino3,sino3,SImon.sino3,mon,ave,ocnBgchem,ocnBgchem seaIce,SImon,Dissolved Nitrate Amount in Sea Ice,,marine_bgc_seaice,Changes in marine biogeochemical cycles and ecosystem processes,high,area: mean where sea_ice (mask=siconc) depth: sum where sea_ice time: mean
ocnBgchem.si.tavg-ols-hxy-sea.mon.glb,sios,si,Omon.sios,mon,ave,ocnBgchem,ocnBgchem,Omon,Surface Total Dissolved Inorganic Silicon Concentration,,DCPP_Wider,Diagnosing temperature variability and extremes;Multi-annual-to-decadal predictability of the Earth System and risk assessment of climate extremes,high,area: mean where sea time: mean
ocnBgchem.sisi.tavg-u-hxy-si.mon.glb,sisi,sisi,SImon.sisi,mon,ave,ocnBgchem,ocnBgchem seaIce,SImon,Dissolved Silicon Amount in Sea Ice,,marine_bgc_seaice,Changes in marine biogeochemical cycles and ecosystem processes,high,area: mean where sea_ice (mask=siconc) depth: sum where sea_ice time: mean
ocnBgchem.spco2.tavg-u-hxy-sea.mon.glb,spco2,spco2,Omon.spco2,mon,ave,ocnBgchem,ocnBgchem,Omon,Surface Aqueous Partial Pressure of CO2,tier1,DCPP_Wider;FireMIP_monthly;dynamical_downscaling_ocean_air_sea_biogeochemistry_forcing;marine_bgc_baseline;ocean_carbon_cycle_tier1,Benchmarking and Attributing Changes to Global Carbon and other Biogeochemical Cycles;Changes in marine biogeochemical cycles and ecosystem processes;Climate impacts on marine biodiversity and ecosystems;Constructing a Global Carbon Budget;Diagnosing temperature variability and extremes;Dynamical Downscaling (CORDEX);Multi-annual-to-decadal predictability of the Earth System and risk assessment of climate extremes;Role of fire in the Earth system,high;medium,area: mean where sea time: mean
ocnBgchem.talk.tavg-ol-hxy-sea.mon.glb,talk,talk,Omon.talk,mon,ave,ocnBgchem,ocnBgchem,Omon,Total Alkalinity,tier1,DCPP_Wider;dynamical_downscaling_ocean_biogeochemistry_forcing;marine_bgc_baseline;ocean_carbon_cycle_tier1,Benchmarking and Attributing Changes to Global Carbon and other Biogeochemical Cycles;Changes in marine biogeochemical cycles and ecosystem processes;Climate impacts on marine biodiversity and ecosystems;Constructing a Global Carbon Budget;Diagnosing temperature variability and extremes;Dynamical Downscaling (CORDEX);Multi-annual-to-decadal predictability of the Earth System and risk assessment of climate extremes,high;medium,area: mean where sea time: mean
ocnBgchem.zmeso.tavg-ol-hxy-sea.mon.glb,zmeso,zmeso,Omon.zmeso,mon,ave,ocnBgchem,ocnBgchem,Omon,Mole Concentration of Mesozooplankton Expressed as Carbon in Sea Water,tier2,dynamical_downscaling_ocean_biogeochemistry_forcing;marine_bgc_baseline;ocean_carbon_cycle_tier2,Benchmarking and Attributing Changes to Global Carbon and other Biogeochemical Cycles;Changes in marine biogeochemical cycles and ecosystem processes;Climate impacts on marine biodiversity and ecosystems;Dynamical Downscaling (CORDEX),high;medium,area: mean where sea time: mean
ocnBgchem.zmicro.tavg-ol-hxy-sea.mon.glb,zmicro,zmicro,Omon.zmicro,mon,ave,ocnBgchem,ocnBgchem,Omon,Mole Concentration of Microzooplankton Expressed as Carbon in Sea Water,tier2,dynamical_downscaling_ocean_biogeochemistry_forcing;marine_bgc_baseline;ocean_carbon_cycle_tier2,Benchmarking and Attributing Changes to Global Carbon and other Biogeochemical Cycles;Changes in marine biogeochemical cycles and ecosystem processes;Climate impacts on marine biodiversity and ecosystems;Dynamical Downscaling (CORDEX),high;medium,area: mean where sea time: mean
ocnBgchem.zmisc.tavg-ol-hxy-sea.mon.glb,zmisc,zmisc,Omon.zmisc,mon,ave,ocnBgchem,ocnBgchem,Omon,Mole Concentration of Other Zooplankton Expressed as Carbon in Sea Water,tier2,dynamical_downscaling_ocean_biogeochemistry_forcing;marine_bgc_baseline;ocean_carbon_cycle_tier2,Benchmarking and Attributing Changes to Global Carbon and other Biogeochemical Cycles;Changes in marine biogeochemical cycles and ecosystem processes;Climate impacts on marine biodiversity and ecosystems;Dynamical Downscaling (CORDEX),high;medium,area: mean where sea time: mean
ocnBgchem.zooc.tavg-ol-hxy-sea.mon.glb,zooc,zooc,Omon.zooc,mon,ave,ocnBgchem,ocnBgchem,Omon,Zooplankton Carbon Concentration,tier1,DCPP_Wider;dynamical_downscaling_ocean_biogeochemistry_forcing;marine_bgc_baseline;ocean_carbon_cycle_tier1,Benchmarking and Attributing Changes to Global Carbon and other Biogeochemical Cycles;Changes in marine biogeochemical cycles and ecosystem processes;Climate impacts on marine biodiversity and ecosystems;Constructing a Global Carbon Budget;Diagnosing temperature variability and extremes;Dynamical Downscaling (CORDEX);Multi-annual-to-decadal predictability of the Earth System and risk assessment of climate extremes,high;medium,area: mean where sea time: mean
seaIce.siconc.tavg-u-hxy-u.day.glb,siconc,siconc,SIday.siconc,day,ave,seaIce,seaIce,SIday,Sea-Ice Area Percentage (Ocean Grid),,DCPP_Wider;baseline_daily;biodiv_marine_daily;dynamical_downscaling_core;seaice_state_daily_basic,"Atmospheric dynamics and variability;Baseline Climate Variables for Earth System Modelling;Climate impacts on marine biodiversity and ecosystems;Diagnosing temperature variability and extremes;Dynamical Downscaling (CORDEX);Multi-annual-to-decadal predictability of the Earth System and risk assessment of climate extremes;Robust Risk Assessment of Tipping Points;Sea ice changes, drivers and impacts",high;medium,area: time: mean
seaIce.siconca.tavg-u-hxy-u.day.glb,siconca,siconca,SIday.siconca,day,ave,seaIce,seaIce,SIday,Sea-Ice Area Percentage (Atmospheric Grid),,seaice_state_daily_basic,"Sea ice changes, drivers and impacts",high,area: time: mean
seaIce.siitdsnconc.tavg-u-hxy-si.day.glb,siitdsnconc,siitdsnconc,SIday.siitdsnconc,day,ave,seaIce,seaIce,SIday,Snow Area Percentages in Ice Thickness Categories,,hydrology,"Assessments for Hydrological Processes, Water Resources, and Freshwater Systems",high,area: time: mean where sea_ice (mask=siitdconc)
seaIce.siitdsnthick.tavg-u-hxy-si.day.glb,siitdsnthick,siitdsnthick,SIday.siitdsnthick,day,ave,seaIce,seaIce,SIday,Snow Thickness in Ice Thickness Categories,,hydrology,"Assessments for Hydrological Processes, Water Resources, and Freshwater Systems",high,area: time: mean where sea_ice (mask=siitdconc)
seaIce.sisnhc.tavg-u-hxy-si.day.glb,sisnhc,sisnhc,SIday.sisnhc,day,ave,seaIce,seaIce,SIday,Snow Heat Content,,snow_allfreq,"Assessments for Hydrological Processes, Water Resources, and Freshwater Systems",high,area: time: mean where sea_ice (mask=siconc)
seaIce.snd.tavg-u-hxy-sn.day.glb,sisnthick,snd,SIday.sisnthick,day,ave,seaIce,seaIce,SIday,Snow Thickness,,dynamical_downscaling_core;hydrology;seaice_state_daily_basic;snow_allfreq,"Assessments for Hydrological Processes, Water Resources, and Freshwater Systems;Dynamical Downscaling (CORDEX);Sea ice changes, drivers and impacts",high,area: time: mean where snow (for snow on sea ice only)
seaIce.sispeed.tavg-u-hxy-si.day.glb,sispeed,sispeed,SIday.sispeed,day,ave,seaIce,seaIce,SIday,Sea-Ice Speed,,seaice_dynamics_basic,"Sea ice changes, drivers and impacts",high,area: time: mean where sea_ice (mask=siconc)
seaIce.sitempsnic.tavg-u-hxy-si.day.glb,sitempsnic,sitempsnic,SIday.sitempsnic,day,ave,seaIce,seaIce,SIday,Temperature at Snow-Ice Interface,,snow_allfreq,"Assessments for Hydrological Processes, Water Resources, and Freshwater Systems",high,area: time: mean where sea_ice (mask=siconc)
seaIce.ts.tavg-u-hxy-si.day.glb,sitemptop,ts,SIday.sitemptop,day,ave,seaIce,seaIce,SIday,Surface Temperature of Sea Ice,,DCPP_Wider;seaice_state_daily_basic,"Diagnosing temperature variability and extremes;Multi-annual-to-decadal predictability of the Earth System and risk assessment of climate extremes;Sea ice changes, drivers and impacts",high,area: time: mean where sea_ice (mask=siconc)
seaIce.sithick.tavg-u-hxy-si.day.glb,sithick,sithick,SIday.sithick,day,ave,seaIce,seaIce ocean,SIday,Sea-Ice Thickness,,DCPP_Wider;dynamical_downscaling_core;seaice_state_daily_basic,"Diagnosing temperature variability and extremes;Dynamical Downscaling (CORDEX);Multi-annual-to-decadal predictability of the Earth System and risk assessment of climate extremes;Sea ice changes, drivers and impacts",high,area: time: mean where sea_ice (mask=siconc)
seaIce.sitimefrac.tavg-u-hxy-sea.day.glb,sitimefrac,sitimefrac,SIday.sitimefrac,day,ave,seaIce,seaIce,SIday,Fraction of Time Steps with Sea Ice,,seaice_state_daily_basic,"Sea ice changes, drivers and impacts",high,area: mean where sea time: mean
seaIce.siu.tavg-u-hxy-si.day.glb,siu,siu,SIday.siu,day,ave,seaIce,seaIce,SIday,X-Component of Sea-Ice Velocity,,seaice_dynamics_basic,"Sea ice changes, drivers and impacts",high,area: time: mean where sea_ice (mask=siconc)
seaIce.siv.tavg-u-hxy-si.day.glb,siv,siv,SIday.siv,day,ave,seaIce,seaIce,SIday,Y-Component of Sea-Ice Velocity,,seaice_dynamics_basic,"Sea ice changes, drivers and impacts",high,area: time: mean where sea_ice (mask=siconc)
seaIce.siarea.tavg-u-hm-u.mon.nh,siarean,siarea,SImon.siarean,mon,ave,seaIce,seaIce,SImon,Sea-Ice Area North,,seaice_global_monthly_basic,"Sea ice changes, drivers and impacts",high,area: sum time: mean
seaIce.siarea.tavg-u-hm-u.mon.sh,siareas,siarea,SImon.siareas,mon,ave,seaIce,seaIce,SImon,Sea-Ice Area South,,seaice_global_monthly_basic,"Sea ice changes, drivers and impacts",high,area: sum time: mean
seaIce.siconc.tavg-u-hxy-u.mon.glb,siconc,siconc,SImon.siconc,mon,ave,seaIce,seaIce,SImon,Sea-Ice Area Percentage (Ocean Grid),,DAMIP_monthly;DCPP_Essential;FireMIP_monthly;baseline_monthly;seaice_budget_area_monthly;seaice_state_monthly_basic,"Atmospheric dynamics and variability;Baseline Climate Variables for Earth System Modelling;Detection and Attribution;Diagnosing temperature variability and extremes;Multi-annual-to-decadal predictability of the Earth System and risk assessment of climate extremes;Ocean changes, drivers and impacts;Robust Risk Assessment of Tipping Points;Role of fire in the Earth system;Sea ice changes, drivers and impacts",high;medium,area: time: mean
seaIce.siconca.tavg-u-hxy-u.mon.glb,siconca,siconca,SImon.siconca,mon,ave,seaIce,seaIce,SImon,Sea-Ice Area Percentage (Atmospheric Grid),,seaice_state_monthly_basic,"Ocean changes, drivers and impacts;Sea ice changes, drivers and impacts",high,area: time: mean
seaIce.sidconcdyn.tavg-u-hxy-sea.mon.glb,sidconcdyn,sidconcdyn,SImon.sidconcdyn,mon,ave,seaIce,seaIce,SImon,Sea-Ice Area Fraction Tendency Due to Dynamics,,seaice_budget_area_monthly,"Sea ice changes, drivers and impacts",high,area: mean where sea time: mean
seaIce.sidconcth.tavg-u-hxy-sea.mon.glb,sidconcth,sidconcth,SImon.sidconcth,mon,ave,seaIce,seaIce,SImon,Sea-Ice Area Fraction Tendency Due to Thermodynamics,,seaice_budget_area_monthly,"Sea ice changes, drivers and impacts",high,area: mean where sea time: mean
seaIce.sidmassdyn.tavg-u-hxy-si.mon.glb,sidmassdyn,sidmassdyn,SImon.sidmassdyn,mon,ave,seaIce,seaIce,SImon,Sea-Ice Mass Change from Dynamics,,seaice_budget_mass_monthly,"Sea ice changes, drivers and impacts",high,area: time: mean where sea_ice over all_area_types
seaIce.evspsbl.tavg-u-hxy-si.mon.glb,sidmassevapsubl,evspsbl,SImon.sidmassevapsubl,mon,ave,seaIce,seaIce,SImon,Sea-Ice Mass Change Through Evaporation and Sublimation,,seaice_budget_mass_monthly,"Sea ice changes, drivers and impacts",high,area: time: mean where sea_ice over all_area_types
seaIce.sidmassgrowthbot.tavg-u-hxy-si.mon.glb,sidmassgrowthbot,sidmassgrowthbot,SImon.sidmassgrowthbot,mon,ave,seaIce,seaIce,SImon,Sea-Ice Mass Change Through Basal Growth,,seaice_budget_mass_monthly,"Sea ice changes, drivers and impacts",high,area: time: mean where sea_ice over all_area_types
seaIce.sidmassgrowthsi.tavg-u-hxy-si.mon.glb,sidmassgrowthsi,sidmassgrowthsi,SImon.sidmassgrowthsi,mon,ave,seaIce,seaIce,SImon,Sea-Ice Mass Change Through Snow-to-Ice Conversion,,seaice_budget_mass_monthly;snow_allfreq,"Assessments for Hydrological Processes, Water Resources, and Freshwater Systems;Sea ice changes, drivers and impacts",high,area: time: mean where sea_ice over all_area_types
seaIce.sidmassgrowthwat.tavg-u-hxy-si.mon.glb,sidmassgrowthwat,sidmassgrowthwat,SImon.sidmassgrowthwat,mon,ave,seaIce,seaIce,SImon,Sea-Ice Mass Change Through Growth in Supercooled Open Water (Frazil),,seaice_budget_mass_monthly,"Sea ice changes, drivers and impacts",high,area: time: mean where sea_ice over all_area_types
seaIce.sidmassmeltbot.tavg-u-hxy-si.mon.glb,sidmassmeltbot,sidmassmeltbot,SImon.sidmassmeltbot,mon,ave,seaIce,seaIce,SImon,Sea-Ice Mass Change Through Bottom Melting,,seaice_budget_mass_monthly,"Sea ice changes, drivers and impacts",high,area: time: mean where sea_ice over all_area_types
seaIce.sidmassmeltlat.tavg-u-hxy-si.mon.glb,sidmassmeltlat,sidmassmeltlat,SImon.sidmassmeltlat,mon,ave,seaIce,seaIce,SImon,Sea-Ice Mass Change Through Lateral Melting,,seaice_budget_mass_monthly,"Sea ice changes, drivers and impacts",high,area: time: mean where sea_ice over all_area_types
seaIce.sidmassmelttop.tavg-u-hxy-si.mon.glb,sidmassmelttop,sidmassmelttop,SImon.sidmassmelttop,mon,ave,seaIce,seaIce,SImon,Sea-Ice Mass Change Through Surface Melting,,seaice_budget_mass_monthly,"Sea ice changes, drivers and impacts",high,area: time: mean where sea_ice over all_area_types
seaIce.sidmassth.tavg-u-hxy-si.mon.glb,sidmassth,sidmassth,SImon.sidmassth,mon,ave,seaIce,seaIce,SImon,Sea-Ice Mass Change from Thermodynamics,,seaice_budget_mass_monthly,"Sea ice changes, drivers and impacts",high,area: time: mean where sea_ice over all_area_types
seaIce.siextent.tavg-u-hm-u.mon.nh,siextentn,siextent,SImon.siextentn,mon,ave,seaIce,seaIce,SImon,Sea-Ice Extent North,,seaice_global_monthly_basic,"Sea ice changes, drivers and impacts",high,area: time: mean
seaIce.siextent.tavg-u-hm-u.mon.sh,siextents,siextent,SImon.siextents,mon,ave,seaIce,seaIce,SImon,Sea-Ice Extent South,,seaice_global_monthly_basic,"Sea ice changes, drivers and impacts",high,area: time: mean
seaIce.siflcondbot.tavg-u-hxy-si.mon.glb,siflcondbot,siflcondbot,SImon.siflcondbot,mon,ave,seaIce,seaIce,SImon,Net Conductive Heat Flux in Sea Ice at the Base,,seaice_budget_energy_monthly,"Earth's Energy Budget;Sea ice changes, drivers and impacts",high,area: time: mean where sea_ice (mask=siconc)
seaIce.siflcondtop.tavg-u-hxy-si.mon.glb,siflcondtop,siflcondtop,SImon.siflcondtop,mon,ave,seaIce,seaIce,SImon,Net Conductive Heat Flux in Sea Ice at the Surface,,seaice_budget_energy_monthly,"Earth's Energy Budget;Sea ice changes, drivers and impacts",high,area: time: mean where sea_ice (mask=siconc)
seaIce.siflfwbot.tavg-u-hxy-si.mon.glb,siflfwbot,siflfwbot,SImon.siflfwbot,mon,ave,seaIce,seaIce,SImon,Freshwater Flux from Sea Ice,,seaice_budget_freshwater_monthly,"Sea ice changes, drivers and impacts;Water cycle/budget assessment",high,area: time: mean where sea_ice (mask=siconc)
seaIce.siflfwdrain.tavg-u-hxy-si.mon.glb,siflfwdrain,siflfwdrain,SImon.siflfwdrain,mon,ave,seaIce,seaIce,SImon,Freshwater Flux from Sea-Ice Surface,,seaice_budget_freshwater_monthly,"Sea ice changes, drivers and impacts;Water cycle/budget assessment",high,area: time: mean where sea_ice (mask=siconc)
seaIce.sifllattop.tavg-u-hxy-si.mon.glb,sifllattop,sifllattop,SImon.sifllattop,mon,ave,seaIce,seaIce,SImon,Net Latent Heat Flux over Sea Ice,,DCPP_Wider;seaice_budget_energy_monthly,"Diagnosing temperature variability and extremes;Earth's Energy Budget;Multi-annual-to-decadal predictability of the Earth System and risk assessment of climate extremes;Sea ice changes, drivers and impacts",high,area: time: mean where sea_ice (mask=siconca)
seaIce.rlds.tavg-u-hxy-si.mon.glb,sifllwdtop,rlds,SImon.sifllwdtop,mon,ave,seaIce,seaIce,SImon,Downwelling Longwave Flux over Sea Ice,,seaice_budget_energy_monthly,"Earth's Energy Budget;Sea ice changes, drivers and impacts",high,area: time: mean where sea_ice (mask=siconca)
seaIce.rlus.tavg-u-hxy-si.mon.glb,sifllwutop,rlus,SImon.sifllwutop,mon,ave,seaIce,seaIce,SImon,Upwelling Longwave Flux over Sea Ice,,seaice_budget_energy_monthly,"Earth's Energy Budget;Sea ice changes, drivers and impacts",high,area: time: mean where sea_ice (mask=siconca)
seaIce.sfdsi.tavg-u-hxy-si.mon.glb,siflsaltbot,sfdsi,SImon.siflsaltbot,mon,ave,seaIce,seaIce,SImon,Salt Flux from Sea Ice,,seaice_budget_freshwater_monthly,"Sea ice changes, drivers and impacts;Water cycle/budget assessment",high,area: time: mean where sea_ice (mask=siconc)
seaIce.siflsensbot.tavg-u-hxy-si.mon.glb,siflsensbot,siflsensbot,SImon.siflsensbot,mon,ave,seaIce,seaIce,SImon,Net Upward Sensible Heat Flux under Sea Ice,,seaice_budget_energy_monthly,"Earth's Energy Budget;Sea ice changes, drivers and impacts",high,area: time: mean where sea_ice (mask=siconc)
seaIce.siflsenstop.tavg-u-hxy-si.mon.glb,siflsenstop,siflsenstop,SImon.siflsenstop,mon,ave,seaIce,seaIce,SImon,Net Downward Sensible Heat Flux over Sea Ice,,DCPP_Wider;seaice_budget_energy_monthly,"Diagnosing temperature variability and extremes;Earth's Energy Budget;Multi-annual-to-decadal predictability of the Earth System and risk assessment of climate extremes;Sea ice changes, drivers and impacts",high,area: time: mean where sea_ice (mask=siconca)
seaIce.siflswdbot.tavg-u-hxy-si.mon.glb,siflswdbot,siflswdbot,SImon.siflswdbot,mon,ave,seaIce,seaIce,SImon,Downwelling Shortwave Flux under Sea Ice,,seaice_budget_energy_monthly,"Earth's Energy Budget;Sea ice changes, drivers and impacts",high,area: time: mean where sea_ice (mask=siconc)
seaIce.rsds.tavg-u-hxy-si.mon.glb,siflswdtop,rsds,SImon.siflswdtop,mon,ave,seaIce,seaIce,SImon,Downwelling Shortwave Flux over Sea Ice,,seaice_budget_energy_monthly,"Earth's Energy Budget;Sea ice changes, drivers and impacts",high,area: time: mean where sea_ice (mask=siconca)
seaIce.rsus.tavg-u-hxy-si.mon.glb,siflswutop,rsus,SImon.siflswutop,mon,ave,seaIce,seaIce,SImon,Upwelling Shortwave Flux over Sea Ice,,seaice_budget_energy_monthly,"Earth's Energy Budget;Sea ice changes, drivers and impacts",high,area: time: mean where sea_ice (mask=siconca)
seaIce.sihc.tavg-u-hxy-sea.mon.glb,sihc,sihc,SImon.sihc,mon,ave,seaIce,seaIce,SImon,Sea-Ice Heat Content,,seaice_budget_energy_monthly,"Earth's Energy Budget;Sea ice changes, drivers and impacts",high,area: mean where sea time: mean
seaIce.siitdsnthick.tavg-u-hxy-si.mon.glb,siitdsnthick,siitdsnthick,SImon.siitdsnthick,mon,ave,seaIce,seaIce,SImon,Snow Thickness in Ice Thickness Categories,,snow_allfreq,"Assessments for Hydrological Processes, Water Resources, and Freshwater Systems",high,area: time: mean where sea_ice (mask=siitdconc)
seaIce.simass.tavg-u-hxy-si.mon.glb,simass,simass,SImon.simass,mon,ave,seaIce,seaIce,SImon,Sea-Ice Mass,,baseline_monthly;seaice_budget_mass_monthly;seaice_state_monthly_basic,"Atmospheric dynamics and variability;Baseline Climate Variables for Earth System Modelling;Ocean changes, drivers and impacts;Robust Risk Assessment of Tipping Points;Sea ice changes, drivers and impacts",high;medium,area: time: mean where sea_ice over all_area_types
seaIce.prra.tavg-u-hxy-si.mon.glb,sipr,prra,SImon.sipr,mon,ave,seaIce,seaIce,SImon,Rainfall Rate over Sea Ice,,seaice_budget_freshwater_monthly;seaice_budget_mass_monthly,"Sea ice changes, drivers and impacts;Water cycle/budget assessment",high,area: time: mean where sea_ice (mask=siconc)
seaIce.snc.tavg-u-hxy-si.mon.glb,sisnconc,snc,SImon.sisnconc,mon,ave,seaIce,seaIce,SImon,Snow Area Percentage,,seaice_state_monthly_basic;snow_allfreq,"Assessments for Hydrological Processes, Water Resources, and Freshwater Systems;Ocean changes, drivers and impacts;Sea ice changes, drivers and impacts",high,area: time: mean where sea_ice (mask=siconc)
seaIce.sisndmassdyn.tavg-u-hxy-si.mon.glb,sisndmassdyn,sisndmassdyn,SImon.sisndmassdyn,mon,ave,seaIce,seaIce,SImon,Snow Mass Rate of Change Through Advection by Sea-Ice Dynamics,,seaice_budget_mass_monthly;snow_allfreq,"Assessments for Hydrological Processes, Water Resources, and Freshwater Systems;Sea ice changes, drivers and impacts",high,area: time: mean where sea_ice (mask=siconc)
seaIce.snm.tavg-u-hxy-si.mon.glb,sisndmassmelt,snm,SImon.sisndmassmelt,mon,ave,seaIce,seaIce,SImon,Snow Mass Rate of Change Through Melt,,seaice_budget_mass_monthly;snow_allfreq,"Assessments for Hydrological Processes, Water Resources, and Freshwater Systems;Sea ice changes, drivers and impacts",high,area: time: mean where sea_ice (mask=siconc)
seaIce.sisndmasssi.tavg-u-hxy-si.mon.glb,sisndmasssi,sisndmasssi,SImon.sisndmasssi,mon,ave,seaIce,seaIce,SImon,Snow Mass Rate of Change Through Snow-to-Ice Conversion,,seaice_budget_mass_monthly;snow_allfreq,"Assessments for Hydrological Processes, Water Resources, and Freshwater Systems;Sea ice changes, drivers and impacts",high,area: time: mean where sea_ice (mask=siconc)
seaIce.prsn.tavg-u-hxy-si.mon.glb,sisndmasssnf,prsn,SImon.sisndmasssnf,mon,ave,seaIce,seaIce,SImon,Snow Mass Change Through Snowfall,,seaice_budget_mass_monthly;snow_allfreq,"Assessments for Hydrological Processes, Water Resources, and Freshwater Systems;Sea ice changes, drivers and impacts",high,area: time: mean where sea_ice (mask=siconc)
seaIce.sbl.tavg-u-hxy-si.mon.glb,sisndmasssubl,sbl,SImon.sisndmasssubl,mon,ave,seaIce,seaIce,SImon,Snow Mass Rate of Change Through Evaporation or Sublimation,,seaice_budget_mass_monthly;snow_allfreq,"Assessments for Hydrological Processes, Water Resources, and Freshwater Systems;Sea ice changes, drivers and impacts",high,area: time: mean where sea_ice (mask=siconc)
seaIce.sisndmasswind.tavg-u-hxy-si.mon.glb,sisndmasswind,sisndmasswind,SImon.sisndmasswind,mon,ave,seaIce,seaIce,SImon,Snow Mass Rate of Change Through Wind Drift of Snow,,seaice_budget_mass_monthly;snow_allfreq,"Assessments for Hydrological Processes, Water Resources, and Freshwater Systems;Sea ice changes, drivers and impacts",high,area: time: mean where sea_ice (mask=siconc)
seaIce.sisnhc.tavg-u-hxy-si.mon.glb,sisnhc,sisnhc,SImon.sisnhc,mon,ave,seaIce,seaIce,SImon,Snow Heat Content,,seaice_budget_energy_monthly;snow_allfreq,"Assessments for Hydrological Processes, Water Resources, and Freshwater Systems;Earth's Energy Budget;Sea ice changes, drivers and impacts",high,area: time: mean where sea_ice (mask=siconc)
seaIce.snw.tavg-u-hxy-si.mon.glb,sisnmass,snw,SImon.sisnmass,mon,ave,seaIce,seaIce,SImon,Snow Mass per Area,,hydrology;seaice_budget_mass_monthly;seaice_state_monthly_basic,"Assessments for Hydrological Processes, Water Resources, and Freshwater Systems;Ocean changes, drivers and impacts;Sea ice changes, drivers and impacts",high,area: time: mean where sea_ice over all_area_types
seaIce.sisnmass.tavg-u-hm-si.mon.nh,sisnmassn,sisnmass,SImon.sisnmassn,mon,ave,seaIce,seaIce,SImon,Snow Mass on Sea Ice North,,seaice_global_monthly_basic,"Sea ice changes, drivers and impacts",high,area: sum where sea_ice time: mean
seaIce.sisnmass.tavg-u-hm-si.mon.sh,sisnmasss,sisnmass,SImon.sisnmasss,mon,ave,seaIce,seaIce,SImon,Snow Mass on Sea Ice South,,seaice_global_monthly_basic,"Sea ice changes, drivers and impacts",high,area: sum where sea_ice time: mean
seaIce.snd.tavg-u-hxy-sn.mon.glb,sisnthick,snd,SImon.sisnthick,mon,ave,seaIce,seaIce,SImon,Snow Thickness,,DCPP_Wider;baseline_monthly;seaice_state_monthly_basic;snow_allfreq,"Assessments for Hydrological Processes, Water Resources, and Freshwater Systems;Atmospheric dynamics and variability;Baseline Climate Variables for Earth System Modelling;Diagnosing temperature variability and extremes;Multi-annual-to-decadal predictability of the Earth System and risk assessment of climate extremes;Ocean changes, drivers and impacts;Robust Risk Assessment of Tipping Points;Sea ice changes, drivers and impacts",high;medium,area: time: mean where snow (for snow on sea ice only)
seaIce.sispeed.tavg-u-hxy-si.mon.glb,sispeed,sispeed,SImon.sispeed,mon,ave,seaIce,seaIce,SImon,Sea-Ice Speed,,seaice_dynamics_basic,"Sea ice changes, drivers and impacts",high,area: time: mean where sea_ice (mask=siconc)
seaIce.sistrxdtop.tavg-u-hxy-si.mon.glb,sistrxdtop,sistrxdtop,SImon.sistrxdtop,mon,ave,seaIce,seaIce,SImon,X-Component of Atmospheric Stress on Sea Ice,,DCPP_Wider,Diagnosing temperature variability and extremes;Multi-annual-to-decadal predictability of the Earth System and risk assessment of climate extremes,high,area: time: mean where sea_ice (mask=siconc)
seaIce.sistrydtop.tavg-u-hxy-si.mon.glb,sistrydtop,sistrydtop,SImon.sistrydtop,mon,ave,seaIce,seaIce,SImon,Y-Component of Atmospheric Stress on Sea Ice,,DCPP_Wider,Diagnosing temperature variability and extremes;Multi-annual-to-decadal predictability of the Earth System and risk assessment of climate extremes,high,area: time: mean where sea_ice (mask=siconc)
seaIce.sitempsnic.tavg-u-hxy-si.mon.glb,sitempsnic,sitempsnic,SImon.sitempsnic,mon,ave,seaIce,seaIce,SImon,Temperature at Snow-Ice Interface,,snow_allfreq,"Assessments for Hydrological Processes, Water Resources, and Freshwater Systems",high,area: time: mean where sea_ice (mask=siconc)
seaIce.ts.tavg-u-hxy-si.mon.glb,sitemptop,ts,SImon.sitemptop,mon,ave,seaIce,seaIce,SImon,Surface Temperature of Sea Ice,,DCPP_Wider;baseline_monthly;seaice_state_monthly_basic,"Atmospheric dynamics and variability;Baseline Climate Variables for Earth System Modelling;Diagnosing temperature variability and extremes;Multi-annual-to-decadal predictability of the Earth System and risk assessment of climate extremes;Ocean changes, drivers and impacts;Robust Risk Assessment of Tipping Points;Sea ice changes, drivers and impacts",high;medium,area: time: mean where sea_ice (mask=siconc)
seaIce.sithick.tavg-u-hxy-si.mon.glb,sithick,sithick,SImon.sithick,mon,ave,seaIce,seaIce ocean,SImon,Sea-Ice Thickness,,DAMIP_monthly;DCPP_Essential;FireMIP_monthly;baseline_monthly;seaice_state_monthly_basic,"Atmospheric dynamics and variability;Baseline Climate Variables for Earth System Modelling;Detection and Attribution;Diagnosing temperature variability and extremes;Multi-annual-to-decadal predictability of the Earth System and risk assessment of climate extremes;Ocean changes, drivers and impacts;Robust Risk Assessment of Tipping Points;Role of fire in the Earth system;Sea ice changes, drivers and impacts",high;medium,area: time: mean where sea_ice (mask=siconc)
seaIce.sitimefrac.tavg-u-hxy-sea.mon.glb,sitimefrac,sitimefrac,SImon.sitimefrac,mon,ave,seaIce,seaIce,SImon,Fraction of Time Steps with Sea Ice,,baseline_monthly;seaice_state_monthly_basic,"Atmospheric dynamics and variability;Baseline Climate Variables for Earth System Modelling;Ocean changes, drivers and impacts;Robust Risk Assessment of Tipping Points;Sea ice changes, drivers and impacts",high;medium,area: mean where sea time: mean
seaIce.siu.tavg-u-hxy-si.mon.glb,siu,siu,SImon.siu,mon,ave,seaIce,seaIce,SImon,X-Component of Sea-Ice Velocity,,DCPP_Wider;baseline_monthly;seaice_dynamics_basic,"Atmospheric dynamics and variability;Baseline Climate Variables for Earth System Modelling;Diagnosing temperature variability and extremes;Multi-annual-to-decadal predictability of the Earth System and risk assessment of climate extremes;Robust Risk Assessment of Tipping Points;Sea ice changes, drivers and impacts",high;medium,area: time: mean where sea_ice (mask=siconc)
seaIce.siv.tavg-u-hxy-si.mon.glb,siv,siv,SImon.siv,mon,ave,seaIce,seaIce,SImon,Y-Component of Sea-Ice Velocity,,DCPP_Wider;baseline_monthly;seaice_dynamics_basic,"Atmospheric dynamics and variability;Baseline Climate Variables for Earth System Modelling;Diagnosing temperature variability and extremes;Multi-annual-to-decadal predictability of the Earth System and risk assessment of climate extremes;Robust Risk Assessment of Tipping Points;Sea ice changes, drivers and impacts",high;medium,area: time: mean where sea_ice (mask=siconc)
seaIce.sieqthick.tavg-u-hxy-si.mon.glb,sivol,sieqthick,SImon.sivol,mon,ave,seaIce,seaIce,SImon,Sea-Ice Volume per Area,,seaice_state_monthly_basic,"Ocean changes, drivers and impacts;Sea ice changes, drivers and impacts",high,area: time: mean where sea_ice over all_area_types
seaIce.sivol.tavg-u-hm-u.mon.nh,sivoln,sivol,SImon.sivoln,mon,ave,seaIce,seaIce,SImon,Sea-Ice Volume North,,seaice_global_monthly_basic,"Sea ice changes, drivers and impacts",high,area: sum time: mean
seaIce.sivol.tavg-u-hm-u.mon.sh,sivols,sivol,SImon.sivols,mon,ave,seaIce,seaIce,SImon,Sea-Ice Volume South,,seaice_global_monthly_basic,"Sea ice changes, drivers and impacts",high,area: sum time: mean
